{"type":"FeatureCollection", "features": [
{"type":"Feature","geometry":{"type":"Polygon","coordinates":[[[-106.31744432827539,23.507697015491345],[-106.31744432827541,23.507697015491342],[-106.31794340554141,23.507477237793694],[-106.31807760682834,23.50685462202555],[-106.3177667754852,23.506804253901937],[-106.31727042222134,23.506723821823716],[-106.31727042222126,23.5067238218237],[-106.31715542196348,23.506769176489257],[-106.31669517859312,23.506944984261434],[-106.3169577329043,23.50730164392595],[-106.31717410104909,23.507500785437355],[-106.31744432827539,23.507697015491345]]]},"properties":{"ID":28,"ENTIDAD":25,"MUNICIPIO":12,"NOMBRE":"EL AGUAJE","CLASIFICAC":1,"CP":82300,"OTROS_CP":"","CONTROL":1605,"Geometry1_":"1=X_7loN"}},
{"type":"Feature","geometry":{"type":"Polygon","coordinates":[[[-106.39564329737235,23.286677990339978],[-106.39516485820418,23.286684255044808],[-106.39481687281732,23.286684662200503],[-106.39481687279107,23.2866846623938],[-106.39429570913036,23.290522498549638],[-106.39429570916806,23.290522498540298],[-106.39641232719408,23.289997820143686],[-106.39633300296812,23.289669559977487],[-106.39628919858652,23.289484372402413],[-106.39614095696655,23.28885766114784],[-106.39604612412843,23.288463728129692],[-106.39595180853571,23.288040676055772],[-106.39584881007931,23.287632257749483],[-106.39576444855986,23.287245778099333],[-106.39564341855426,23.28667855827461],[-106.39564329737235,23.286677990339978]]]},"properties":{"ID":30,"ENTIDAD":25,"MUNICIPIO":12,"NOMBRE":"RESIDENCIAL SAN MARCOS","CLASIFICAC":2,"CP":82198,"OTROS_CP":"","CONTROL":1757,"Geometry1_":"1=X_89f"}},
{"type":"Feature","geometry":{"type":"Polygon","coordinates":[[[-106.30962753212685,23.505389265950996],[-106.30981257261503,23.50558635778989],[-106.3099433746417,23.505744176005173],[-106.31004186926607,23.505902265849183],[-106.31213729881459,23.506510366664788],[-106.31301197311312,23.506741372286257],[-106.31343033640363,23.505486364359825],[-106.31217785386325,23.505187921160505],[-106.31212554763017,23.505175457310397],[-106.31068913693616,23.5051106333008],[-106.30962753212685,23.505389265950996]]]},"properties":{"ID":61,"ENTIDAD":25,"MUNICIPIO":12,"NOMBRE":"EL MIRADOR","CLASIFICAC":1,"CP":82300,"OTROS_CP":"","CONTROL":1604,"Geometry1_":"1=X_7k"}},
{"type":"Feature","geometry":{"type":"MultiPolygon","coordinates":[[[[-106.3832974947886,23.269396497585394],[-106.38459546757585,23.269424946557937],[-106.38472793806356,23.269410786016994],[-106.38486419461017,23.269212708313347],[-106.38487218302272,23.268779360135113],[-106.38488456159257,23.268382196068316],[-106.38565016759361,23.26843397446975],[-106.38589346739593,23.26824765492665],[-106.38594653275226,23.26820701723993],[-106.38575629163044,23.26800147645302],[-106.38529616249052,23.267584412536657],[-106.38494542717491,23.26760087673463],[-106.38398616601184,23.26754282829651],[-106.3829472157862,23.267514939381737],[-106.38232125625362,23.26752378388915],[-106.38295399308788,23.267556525809546],[-106.383983503501,23.267603300028338],[-106.38489329470102,23.26767212368958],[-106.38527496548178,23.26768344080258],[-106.38570439954175,23.268070284788063],[-106.38527496549146,23.26768344099269],[-106.3848932947107,23.26767212387969],[-106.38398350351062,23.26760330021845],[-106.38295399309747,23.267556525999662],[-106.38301923494738,23.267934268691068],[-106.38309392518401,23.268366713331325],[-106.38316733511036,23.2687917419462],[-106.38323037334548,23.269085865526403],[-106.38323037337689,23.269085865527376],[-106.38325128312019,23.26918342580349],[-106.3832974947886,23.269396497585394]]],[[[-106.38323037325124,23.269085865523444],[-106.38316733513913,23.268791742517177],[-106.3830939252128,23.268366713902125],[-106.38301923497616,23.26793426926159],[-106.38295399312625,23.26755652657],[-106.38232125629128,23.26752378464958],[-106.38232125583382,23.267523784625904],[-106.38212228675195,23.26787345650535],[-106.3818937799826,23.268275036012714],[-106.38167172038311,23.268665282715478],[-106.38151605587547,23.269032021014795],[-106.38323037325124,23.269085865523444]]]]},"properties":{"ID":84,"ENTIDAD":25,"MUNICIPIO":12,"NOMBRE":"VILLA TUTULI","CLASIFICAC":2,"CP":82136,"OTROS_CP":"","CONTROL":1430,"Geometry1_":"1=X_8D@"}},
{"type":"Feature","geometry":{"type":"MultiPolygon","coordinates":[[[[-106.40586094719914,23.281572089612858],[-106.40590420301947,23.2815459804382],[-106.40595609634816,23.28152069793168],[-106.4062352923995,23.281391641202724],[-106.4063388988818,23.28134289211342],[-106.40809370741306,23.28051720128666],[-106.40814305845721,23.28052147013252],[-106.40814305036564,23.28052146447572],[-106.40793086764329,23.280381541136084],[-106.40778229511047,23.28025156119134],[-106.40766050753987,23.28014971328461],[-106.40759791718062,23.280090256387787],[-106.40716216908666,23.28029643965287],[-106.40708969600085,23.280328975908283],[-106.40658358032492,23.28055619144582],[-106.40570867856756,23.28094896421775],[-106.4056403682687,23.280979086693094],[-106.4047412933774,23.28137554361191],[-106.40314290985624,23.28208255035376],[-106.40314290958138,23.28208254968693],[-106.40474129336685,23.28137554341955],[-106.40564036823696,23.280979086116098],[-106.40570867855698,23.280948964025473],[-106.4065835803143,23.280556191253545],[-106.40708969599022,23.280328975716095],[-106.40716216907602,23.28029643946069],[-106.40759791705885,23.280090255853846],[-106.40757037506398,23.28004923909012],[-106.40757195095289,23.27992434550066],[-106.40648970793187,23.280396025448802],[-106.40561617006425,23.280788533324255],[-106.40306268718548,23.281890606167334],[-106.40303968269181,23.281900534546928],[-106.40314290679846,23.282082550116193],[-106.40326156155645,23.282370406423766],[-106.40327374319574,23.282399958985526],[-106.40329201377588,23.28244428324183],[-106.40333443972136,23.28257173580308],[-106.40336272955324,23.28265672165101],[-106.4033627297311,23.2826567215409],[-106.40340614195459,23.282629843467703],[-106.40568742688468,23.281647463968287],[-106.40585718816659,23.281574358560537],[-106.40586094719914,23.281572089612858]]],[[[-106.40759791958374,23.2800902581245],[-106.40766050751853,23.28014971290025],[-106.40778228561165,23.280251552881193],[-106.40759791958374,23.2800902581245]]]]},"properties":{"ID":103,"ENTIDAD":25,"MUNICIPIO":12,"NOMBRE":"SANTA ROSA","CLASIFICAC":1,"CP":82134,"OTROS_CP":"","CONTROL":2328,"Geometry1_":"1=X_8>"}},
{"type":"Feature","geometry":{"type":"Polygon","coordinates":[[[-106.31633025610331,23.50692564519998],[-106.31653360988533,23.50699867241631],[-106.31669517859312,23.506944984261434],[-106.31715542196348,23.506769176489257],[-106.31721976054105,23.506514181930555],[-106.31708921892755,23.506115078347456],[-106.31684198537869,23.5058003378762],[-106.31592760387579,23.506190019876172],[-106.31620015254327,23.50633880649046],[-106.31634623477328,23.506650739566528],[-106.31633025610331,23.506925645199935],[-106.31633025610331,23.50692564519998]]]},"properties":{"ID":121,"ENTIDAD":25,"MUNICIPIO":12,"NOMBRE":"LA MEZA","CLASIFICAC":1,"CP":82300,"OTROS_CP":"","CONTROL":1602,"Geometry1_":"1=X_7k"}},
{"type":"Feature","geometry":{"type":"Polygon","coordinates":[[[-106.41187415314187,23.25964031149865],[-106.41178473263662,23.259197929416835],[-106.41178473263662,23.259197929416807],[-106.41169363985911,23.258694479825856],[-106.41169323512044,23.25869224291501],[-106.411614691953,23.258258148622776],[-106.41158110516604,23.25819458233827],[-106.41158047846783,23.258193396249816],[-106.41155514485175,23.25814544985152],[-106.41155514485175,23.258145449851504],[-106.411414370365,23.25800179765003],[-106.41141437036497,23.258001797649975],[-106.41105281183609,23.257527012770016],[-106.41029585975453,23.258074859422813],[-106.40938883257706,23.25873171070003],[-106.4087947369553,23.259170205923954],[-106.40925662221802,23.2596003377391],[-106.4099595999543,23.259763423217592],[-106.41027108952221,23.25979844929457],[-106.41051692701585,23.25981893509626],[-106.41058254131411,23.25982361332191],[-106.4105898047264,23.259824131193316],[-106.41060054338548,23.259824896844474],[-106.41070537858,23.25983237140576],[-106.410909805289,23.25980784021109],[-106.41163491543819,23.259681873005523],[-106.41167827020602,23.259674341238647],[-106.41187415314187,23.25964031149865]]]},"properties":{"ID":129,"ENTIDAD":25,"MUNICIPIO":12,"NOMBRE":"ISSSTESIN","CLASIFICAC":2,"CP":82154,"OTROS_CP":"","CONTROL":196,"Geometry1_":"1=X_8D\\"}},
{"type":"Feature","geometry":{"type":"Polygon","coordinates":[[[-106.31343033640363,23.505486364359825],[-106.31366957245996,23.505534755851876],[-106.31423780568697,23.505660267134324],[-106.31441173707486,23.50508867572584],[-106.31358473939216,23.50474846837344],[-106.31349509780881,23.504711352456056],[-106.31294241423078,23.504590947338457],[-106.31239039232817,23.5045372360127],[-106.31217785386325,23.505187921160505],[-106.31343033640363,23.505486364359825]]]},"properties":{"ID":147,"ENTIDAD":25,"MUNICIPIO":12,"NOMBRE":"EL POZOLE","CLASIFICAC":1,"CP":82300,"OTROS_CP":"","CONTROL":1603,"Geometry1_":"1=X_7m:>"}},
{"type":"Feature","geometry":{"type":"Polygon","coordinates":[[[-106.40767025096541,23.270700217813708],[-106.40725656393383,23.270719372473476],[-106.4072565638368,23.270719372550918],[-106.40725656373974,23.270719372628403],[-106.40676186878488,23.271114264085647],[-106.40673861661408,23.27130478625861],[-106.40673232494716,23.271356338450232],[-106.40673232498938,23.271356338659565],[-106.4068143727607,23.27176315758666],[-106.4069141475871,23.272297680456514],[-106.40687098809171,23.27252961118351],[-106.40684682853619,23.272735842506957],[-106.40684016531412,23.27279272116236],[-106.40674779449854,23.27358121391672],[-106.40665625897729,23.27463982784871],[-106.40665625901423,23.27463982804944],[-106.40668975722441,23.274821905732168],[-106.40674724930642,23.275032949012957],[-106.40769496979941,23.275046335624282],[-106.40778266649389,23.27512579526846],[-106.40780267340737,23.2747754498375],[-106.4078166247078,23.274600241700064],[-106.40782229690264,23.274388632211874],[-106.40781976670839,23.27414791580593],[-106.40781853995969,23.274031204818478],[-106.40783870012181,23.273695448222135],[-106.40785778683605,23.273257569491733],[-106.40786092892503,23.272805243529998],[-106.40788009227455,23.272374659196558],[-106.40789113000649,23.271922262359265],[-106.40790985697512,23.271458814956702],[-106.4079114495158,23.27141940336346],[-106.40791619549024,23.2713019517438],[-106.40809153476025,23.271095080464562],[-106.40767025096541,23.270700217813708]]]},"properties":{"ID":166,"ENTIDAD":25,"MUNICIPIO":12,"NOMBRE":"ARBOLEDAS III","CLASIFICAC":2,"CP":82134,"OTROS_CP":"","CONTROL":1219,"Geometry1_":"1=X_8D("}},
{"type":"Feature","geometry":{"type":"Polygon","coordinates":[[[-106.25407690985926,23.30378441349783],[-106.25612757127648,23.310742630473747],[-106.2581122106697,23.310661223619128],[-106.26022337445566,23.30895791116097],[-106.26034480587779,23.306728342660538],[-106.26017630868876,23.302081896031012],[-106.25423926476385,23.302194992289042],[-106.25407690985926,23.30378441349783]]]},"properties":{"ID":169,"ENTIDAD":25,"MUNICIPIO":12,"NOMBRE":"EL TECOMATE DE SIQUEROS","CLASIFICAC":5,"CP":82272,"OTROS_CP":"","CONTROL":1281,"Geometry1_":"1=X_9.F"}},
{"type":"Feature","geometry":{"type":"Polygon","coordinates":[[[-106.31590246097458,23.509636034667377],[-106.31593533579787,23.50959741852982],[-106.31641225127888,23.508651587048654],[-106.31641225127888,23.508651587048615],[-106.31634259693442,23.508314194883294],[-106.3163925299101,23.507880214590653],[-106.31596911907869,23.507565870656997],[-106.31560004074205,23.50829980164945],[-106.31540169783351,23.50872452817039],[-106.31533971507139,23.50908217274724],[-106.31546567305469,23.509230409517713],[-106.31568487806456,23.509453674492505],[-106.31590246097458,23.509636034667377]]]},"properties":{"ID":228,"ENTIDAD":25,"MUNICIPIO":12,"NOMBRE":"PERROS BRAVOS","CLASIFICAC":1,"CP":82300,"OTROS_CP":"","CONTROL":1609,"Geometry1_":"1=X_7lo"}},
{"type":"Feature","geometry":{"type":"Polygon","coordinates":[[[-106.39368786326605,23.283211823390168],[-106.3947922995232,23.283826838135848],[-106.39505199121298,23.283413920212748],[-106.39530141772302,23.283017287643744],[-106.39558438737728,23.282611273159112],[-106.39585338301977,23.282219002805505],[-106.39621403030368,23.281688312820545],[-106.39621403039449,23.28168831268691],[-106.39564001609916,23.28135444969797],[-106.3954459368552,23.281241566830076],[-106.39518836450108,23.281091753597895],[-106.39518836441047,23.28109175373163],[-106.39481762899312,23.28163895328098],[-106.39454713365383,23.28201332120792],[-106.39426992496513,23.282410662900972],[-106.3939514045687,23.282827039203106],[-106.39368786326605,23.283211823390168]]]},"properties":{"ID":235,"ENTIDAD":25,"MUNICIPIO":12,"NOMBRE":"NUEVO MILENIO","CLASIFICAC":1,"CP":82134,"OTROS_CP":"","CONTROL":1287,"Geometry1_":"1=X_89f"}},
{"type":"Feature","geometry":{"type":"Polygon","coordinates":[[[-106.40356743989426,23.28768680114941],[-106.40380536302978,23.287633571190142],[-106.4043943143118,23.287422395152316],[-106.40511149747816,23.287055155884126],[-106.40516411081808,23.2870282146063],[-106.40521849356064,23.28700036725578],[-106.40521849490082,23.28700036649769],[-106.40559966667539,23.28678475297561],[-106.40551998744125,23.28649122027358],[-106.40536805138481,23.2860581178934],[-106.40508441181748,23.28601476475933],[-106.40506407689739,23.285805430911417],[-106.40489253326375,23.285087659637483],[-106.40430947252443,23.285048061358744],[-106.40432064066236,23.285106257184985],[-106.40434611588131,23.285332652182536],[-106.40439058494299,23.28534377727504],[-106.40446464559467,23.28614973858165],[-106.40436909455111,23.28620180830883],[-106.40341962862809,23.286189358448727],[-106.40326497398063,23.286187329996494],[-106.40356743981532,23.287686800758035],[-106.40356743989426,23.28768680114941]]]},"properties":{"ID":273,"ENTIDAD":25,"MUNICIPIO":12,"NOMBRE":"HECTOR MANUEL DE LA VEGA GUERRA","CLASIFICAC":1,"CP":82129,"OTROS_CP":"","CONTROL":2054,"Geometry1_":"1=X_89k"}},
{"type":"Feature","geometry":{"type":"Polygon","coordinates":[[[-106.41986839888285,23.345585845595938],[-106.41878765554189,23.34301508610587],[-106.4180563745666,23.34298201017172],[-106.4152452322854,23.344276715838213],[-106.4148939771092,23.344266380911062],[-106.41424314576409,23.344247229508973],[-106.41296335117808,23.34465234755198],[-106.41281012842673,23.34900443023896],[-106.4110713990493,23.349258318871023],[-106.41112554805792,23.349534856205807],[-106.41123048344454,23.350070754188838],[-106.41267162667215,23.350137156738786],[-106.4126022375178,23.35170596950528],[-106.41342202767072,23.35400122152124],[-106.41809062191551,23.3593594255716],[-106.42066707471058,23.357435075945098],[-106.42367880381,23.35411998253014],[-106.42558494517449,23.352125715155843],[-106.42589662515411,23.35186614064783],[-106.42645455166183,23.35148812345333],[-106.42195678006034,23.34788939013369],[-106.42053004035853,23.34763042073772],[-106.41971141870398,23.34699664988971],[-106.41986839888285,23.345585845595938]]]},"properties":{"ID":292,"ENTIDAD":25,"MUNICIPIO":12,"NOMBRE":"EL HABAL","CLASIFICAC":5,"CP":82250,"OTROS_CP":"","CONTROL":1196,"Geometry1_":"1=X_85"}},
{"type":"Feature","geometry":{"type":"Polygon","coordinates":[[[-106.42983460128582,23.296807385376958],[-106.42950776207263,23.297586083490575],[-106.4295556475295,23.297612031901217],[-106.43070053892997,23.297114347538223],[-106.43081081237085,23.297086183993326],[-106.43118633127374,23.296990276797235],[-106.43165345762614,23.294895389645095],[-106.42825700590521,23.294159993812492],[-106.42821022104529,23.294292067790405],[-106.42746394301368,23.29639878149936],[-106.42901621283733,23.296666333282765],[-106.42983460128582,23.296807385376958]]]},"properties":{"ID":297,"ENTIDAD":25,"MUNICIPIO":12,"NOMBRE":"PACIFICO HILLS","CLASIFICAC":2,"CP":82128,"OTROS_CP":"","CONTROL":2099,"Geometry1_":"1=X_88Y"}},
{"type":"Feature","geometry":{"type":"Polygon","coordinates":[[[-106.41757288493328,23.258663829097365],[-106.41703093964624,23.25874660375929],[-106.41620756225177,23.258898187737884],[-106.41669793384656,23.258807910764148],[-106.41703093964624,23.258746603759327],[-106.41714004595468,23.258729939434108],[-106.41757288493328,23.258663829097365]]]},"properties":{"ID":299,"ENTIDAD":25,"MUNICIPIO":12,"NOMBRE":"FOVISSSTE JABALIES","CLASIFICAC":2,"CP":82154,"OTROS_CP":"","CONTROL":197,"Geometry1_":"1=X_8C"}},
{"type":"Feature","geometry":{"type":"MultiPolygon","coordinates":[[[[-106.4329932003583,23.28114371999176],[-106.43198903850214,23.280416369577722],[-106.43280283538512,23.28122671673507],[-106.4329932003583,23.28114371999176]]],[[[-106.43163693657426,23.280063848247654],[-106.43116149029069,23.27957188867843],[-106.43163691392908,23.280063825535933],[-106.43163693657426,23.280063848247654]]],[[[-106.43116149029069,23.27957188867843],[-106.430446898,23.278698785999964],[-106.4303494882404,23.278579768126136],[-106.43028784154397,23.278505311245976],[-106.43035924923058,23.27859854699999],[-106.43048149466165,23.27874105759669],[-106.43116149029069,23.27957188867843]]]]},"properties":{"ID":303,"ENTIDAD":25,"MUNICIPIO":12,"NOMBRE":"REAL PACIFICO","CLASIFICAC":2,"CP":82128,"OTROS_CP":"","CONTROL":1833,"Geometry1_":"1=X_8>"}},
{"type":"Feature","geometry":{"type":"Polygon","coordinates":[[[-106.41389737908443,23.259296058420038],[-106.41379533577071,23.258902796455455],[-106.4136001325045,23.257822993495786],[-106.413021863481,23.25688706911667],[-106.41261533548095,23.256412204981253],[-106.41156312187623,23.25713208346377],[-106.41156312187621,23.25713208346378],[-106.41156312187623,23.2571320834638],[-106.41130627896301,23.257330854863728],[-106.4110528118362,23.257527012769938],[-106.41141437036497,23.25800179764994],[-106.41143661327855,23.258024495283745],[-106.411414370365,23.25800179765003],[-106.41155514485175,23.258145449851504],[-106.41155514485175,23.25814544985152],[-106.41158047846783,23.258193396249816],[-106.41158110516604,23.25819458233827],[-106.41161469195333,23.258258148622772],[-106.41169323512044,23.25869224291501],[-106.41169363985911,23.258694479825856],[-106.41178473263662,23.259197929416807],[-106.41178473263662,23.259197929416835],[-106.41187415314187,23.25964031149865],[-106.411874153142,23.25964031149864],[-106.41223388566547,23.259591687686783],[-106.41316230405641,23.259413671327035],[-106.4137341225587,23.25932217997716],[-106.41389737908443,23.259296058420038]]]},"properties":{"ID":333,"ENTIDAD":25,"MUNICIPIO":12,"NOMBRE":"LOS PORTALES","CLASIFICAC":2,"CP":82154,"OTROS_CP":"","CONTROL":199,"Geometry1_":"1=X_8C"}},
{"type":"Feature","geometry":{"type":"MultiPolygon","coordinates":[[[[-106.4087947369553,23.259170205923954],[-106.40938883257706,23.25873171070003],[-106.41029585975453,23.258074859422813],[-106.41105281183609,23.257527012770016],[-106.411052811836,23.257527012769916],[-106.411563121876,23.2571320834638],[-106.41127094289533,23.256814262070886],[-106.41156312187621,23.25713208346378],[-106.41156312187623,23.25713208346377],[-106.41261533548095,23.256412204981253],[-106.41227085268953,23.25606796231374],[-106.41219158777973,23.255988752283393],[-106.41143566956195,23.25523335042508],[-106.4113017118306,23.255087642363957],[-106.41086509420752,23.254686974240887],[-106.41058829975752,23.25491551903089],[-106.41041833317493,23.255064357231088],[-106.41030080573758,23.25516687479502],[-106.4101413717989,23.25530008350456],[-106.40936977125061,23.254567169821563],[-106.40921537034899,23.254689592236566],[-106.40906818425773,23.25476971848162],[-106.40868801986123,23.254400892503426],[-106.40743580051745,23.25537616190723],[-106.40784902964467,23.25575063957343],[-106.40743580051722,23.25537616190741],[-106.40666435176075,23.25601749739452],[-106.40600129501401,23.256568714654712],[-106.40600129501382,23.256568714654545],[-106.40600129501362,23.25656871465471],[-106.40646412050921,23.256999748054575],[-106.40763649493368,23.258091571256603],[-106.40793132104398,23.258366136176182],[-106.40841075022739,23.258812614050274],[-106.4087947369553,23.259170205923954]],[[-106.41108241753383,23.256623684871762],[-106.41092505084691,23.256773740768356],[-106.41108241753368,23.25662368487159],[-106.41108241753383,23.256623684871762]],[[-106.4106873616185,23.25700446635288],[-106.410574640117,23.25711602993052],[-106.41050280500278,23.257174358013792],[-106.41057464011675,23.257116029930522],[-106.4106873616185,23.25700446635288]],[[-106.40994853919725,23.257713558277842],[-106.40993393669501,23.257728134568005],[-106.40993393669488,23.257728134567888],[-106.40994853919725,23.257713558277842]],[[-106.40954355705107,23.257350026840744],[-106.408985285185,23.256839576533],[-106.40818088996795,23.256067177556968],[-106.40898528518511,23.256839576533],[-106.40954355705107,23.257350026840744]]],[[[-106.41130627896301,23.257330854863728],[-106.4110528118362,23.257527012769916],[-106.4110528118362,23.257527012769938],[-106.41130627896301,23.257330854863728]]]]},"properties":{"ID":334,"ENTIDAD":25,"MUNICIPIO":12,"NOMBRE":"INFONAVIT JABALIES","CLASIFICAC":3,"CP":82165,"OTROS_CP":"","CONTROL":200,"Geometry1_":"1=X_8C"}},
{"type":"Feature","geometry":{"type":"MultiPolygon","coordinates":[[[[-106.40600129501382,23.256568714654545],[-106.4059316412383,23.2565038451165],[-106.40555811707473,23.256155975158567],[-106.4059316412383,23.25650384511654],[-106.40600129501362,23.25656871465471],[-106.40600129501382,23.256568714654545]]],[[[-106.40743580051722,23.25537616190741],[-106.407435800517,23.25537616190722],[-106.40666435176075,23.25601749739452],[-106.40743580051722,23.25537616190741]]],[[[-106.40868801986123,23.254400892503426],[-106.40743580051743,23.255376161907215],[-106.40743580051745,23.25537616190723],[-106.40868801986123,23.254400892503426]]]]},"properties":{"ID":335,"ENTIDAD":25,"MUNICIPIO":12,"NOMBRE":"FUENTES DEL VALLE","CLASIFICAC":2,"CP":82163,"OTROS_CP":"","CONTROL":201,"Geometry1_":"1=X_8D["}},
{"type":"Feature","geometry":{"type":"Polygon","coordinates":[[[-106.41442012057666,23.260155979979416],[-106.41460151417083,23.260165012354427],[-106.41431582604929,23.26175545598001],[-106.41548958135708,23.261761946021032],[-106.41556716899073,23.26194190433628],[-106.41559714207861,23.26234216336506],[-106.41742452983576,23.262492984947308],[-106.41749986859455,23.262111305611093],[-106.41749986859455,23.262111305611057],[-106.41756324846602,23.26178804049057],[-106.41814781433557,23.259067940365025],[-106.41794329244624,23.25907669685263],[-106.41790107039479,23.25907677933882],[-106.41763161478853,23.25902396049943],[-106.4174906660291,23.25899584831537],[-106.41743917163508,23.258986615039046],[-106.41741035059782,23.258980587787025],[-106.41736207361028,23.259122618461102],[-106.4172644700427,23.25909959971425],[-106.41706936877272,23.25905590052982],[-106.416778964205,23.25899085460788],[-106.41674016122387,23.258982573143687],[-106.41671643301586,23.258862105673884],[-106.41669793384656,23.258807910764148],[-106.41620756225177,23.258898187737884],[-106.41605042329466,23.258924190456156],[-106.41598500142523,23.258935016153227],[-106.41538832088442,23.25903375065887],[-106.41486327798833,23.259126125415683],[-106.41419500947124,23.25924369623673],[-106.41424958267665,23.25928384527403],[-106.41429062420976,23.259468801429847],[-106.41430852818702,23.259563639593022],[-106.4143649689499,23.259862801399215],[-106.41438138502859,23.25994870446839],[-106.41442012057666,23.260155979979416]]]},"properties":{"ID":346,"ENTIDAD":25,"MUNICIPIO":12,"NOMBRE":"RDCIAL LOS OLIVOS","CLASIFICAC":2,"CP":82165,"OTROS_CP":"","CONTROL":1528,"Geometry1_":"1=X_8C"}},
{"type":"Feature","geometry":{"type":"Polygon","coordinates":[[[-106.40912585521481,23.271857622562365],[-106.40912585524498,23.271857622569847],[-106.41043326599466,23.272182153696146],[-106.41047151206047,23.272022771035395],[-106.41058849293869,23.27153527500152],[-106.41064389222456,23.271304407666037],[-106.41065506741714,23.27125783681682],[-106.41072381203678,23.270971353830756],[-106.41079510208031,23.270673893503385],[-106.41086871854871,23.270367473832604],[-106.41094152901024,23.270064043357348],[-106.41094303306564,23.27005777534052],[-106.4109430331093,23.27005777515854],[-106.41094253812967,23.270057697280908],[-106.41037705323058,23.26996872560665],[-106.4103770495658,23.26996872503004],[-106.41035326419687,23.26996498266473],[-106.40990833559066,23.269870901968698],[-106.40990826704596,23.269870887474724],[-106.4094730156656,23.269785621051874],[-106.40929456081464,23.269762069912222],[-106.40929456078892,23.269762069908825],[-106.40929456064897,23.269762070078322],[-106.40926460420305,23.269798353853606],[-106.40924390784646,23.270075950724646],[-106.40924164405232,23.270106314584364],[-106.40923982298395,23.2701307402376],[-106.4092201999613,23.270393939855147],[-106.40921823439659,23.27042030353991],[-106.40921588773513,23.270451778782487],[-106.40919447565311,23.270738973796757],[-106.40919297828104,23.270759057653173],[-106.40918992095655,23.27080006472758],[-106.40917885932876,23.270948431246683],[-106.4091773523944,23.270968643320025],[-106.40917548985352,23.270993625034567],[-106.40916350533635,23.27123531103456],[-106.40916015082028,23.27127659363735],[-106.40915704420716,23.271314827356253],[-106.40911412807853,23.271780186942827],[-106.4091141280961,23.27178018705895],[-106.40912585521481,23.271857622562365]]]},"properties":{"ID":371,"ENTIDAD":25,"MUNICIPIO":12,"NOMBRE":"LOS CARACOLES","CLASIFICAC":2,"CP":82132,"OTROS_CP":"","CONTROL":1168,"Geometry1_":"1=X_8D("}},
{"type":"Feature","geometry":{"type":"Polygon","coordinates":[[[-106.41159307696503,23.26779131166208],[-106.41163241144835,23.267939535036543],[-106.41159797567964,23.268028619240763],[-106.41212290686201,23.26815472660904],[-106.41252737220987,23.2682772866313],[-106.41272607884711,23.26831694737335],[-106.41279747966432,23.268099510839935],[-106.41301884348371,23.267209502385096],[-106.41282962695898,23.267197121513945],[-106.41274747276154,23.267167588669075],[-106.41264653387493,23.267652636323902],[-106.41185892744504,23.2673069068778],[-106.4117561365276,23.26721421672685],[-106.41154391988223,23.267249137780897],[-106.41154391978453,23.26724913779697],[-106.41150567669334,23.26744825942794],[-106.41150567677897,23.267448259474737],[-106.41167284893237,23.267539581371878],[-106.4116728488826,23.267539581528904],[-106.41159307696503,23.26779131166208]]]},"properties":{"ID":372,"ENTIDAD":25,"MUNICIPIO":12,"NOMBRE":"DELFINES","CLASIFICAC":2,"CP":82100,"OTROS_CP":"","CONTROL":1169,"Geometry1_":"1=X_8D,-"}},
{"type":"Feature","geometry":{"type":"Polygon","coordinates":[[[-106.42645528220648,23.30688391328714],[-106.42572972775002,23.305739934448052],[-106.4255473762315,23.305611774696146],[-106.4245951267815,23.307133790819165],[-106.42525407321062,23.30789959616097],[-106.42645528220648,23.30688391328714]]]},"properties":{"ID":405,"ENTIDAD":25,"MUNICIPIO":12,"NOMBRE":"BALANADRA RESIDENCIAL","CLASIFICAC":2,"CP":82275,"OTROS_CP":"","CONTROL":2425,"Geometry1_":"1=X_88U>"}},
{"type":"Feature","geometry":{"type":"Polygon","coordinates":[[[-106.398673818,23.293527097000023],[-106.39860974498782,23.293821310122013],[-106.39913188227081,23.29418085488379],[-106.40054840850031,23.29515625853067],[-106.40109881343488,23.29550698960229],[-106.40146180323117,23.29498307248967],[-106.40200592707157,23.29531451920595],[-106.4026069690343,23.293563953911324],[-106.40210250527649,23.293408800588967],[-106.401198389867,23.29370734530354],[-106.4009345017526,23.293636780622013],[-106.40031580091163,23.2936686886766],[-106.39897620837102,23.29206695004984],[-106.39893980007896,23.292252349322737],[-106.398847958,23.292720028000005],[-106.39873175,23.293093865000024],[-106.398673818,23.293527097000023]]]},"properties":{"ID":428,"ENTIDAD":25,"MUNICIPIO":12,"NOMBRE":"ANDRES MANUEL LOPEZ OBRADOR","CLASIFICAC":1,"CP":82129,"OTROS_CP":"","CONTROL":2205,"Geometry1_":"1=X_89L"}},
{"type":"Feature","geometry":{"type":"Polygon","coordinates":[[[-106.39864936396442,23.257809881717492],[-106.39849324668563,23.25772977926252],[-106.39827750503376,23.257771085203085],[-106.39849324668563,23.257729779262537],[-106.39864936396451,23.25780988171757],[-106.39864936396442,23.257809881717492]]]},"properties":{"ID":436,"ENTIDAD":25,"MUNICIPIO":12,"NOMBRE":"BOSQUES DEL ARROYO","CLASIFICAC":2,"CP":82136,"OTROS_CP":"","CONTROL":1224,"Geometry1_":"1=X_8D-"}},
{"type":"Feature","geometry":{"type":"MultiPolygon","coordinates":[[[[-106.39827750503376,23.257771085203085],[-106.39814698994297,23.257796073494102],[-106.3976279324619,23.257895450574622],[-106.39814698994297,23.257796073494134],[-106.39827750503376,23.257771085203085]]],[[[-106.39676202833255,23.25806397076603],[-106.3967084938352,23.25807646739711],[-106.39619340550334,23.258196704132544],[-106.3967084938352,23.258076467397125],[-106.39676202833255,23.25806397076603]]],[[[-106.39482889836626,23.258515211042482],[-106.39471355512434,23.258542134164813],[-106.39466365811087,23.258553780967834],[-106.39450540345614,23.258590720151805],[-106.3946636581109,23.25855378096786],[-106.39471355512434,23.258542134164827],[-106.39482889836626,23.258515211042482]]],[[[-106.39450540345614,23.258590720151805],[-106.39437509162504,23.258656429106317],[-106.39423929383787,23.258724904141125],[-106.39437509162505,23.258656429106342],[-106.39450540345614,23.258590720151805]]]]},"properties":{"ID":438,"ENTIDAD":25,"MUNICIPIO":12,"NOMBRE":"LA CAMPIÑA","CLASIFICAC":2,"CP":82136,"OTROS_CP":"","CONTROL":1225,"Geometry1_":"1=X_8D-"}},
{"type":"Feature","geometry":{"type":"Polygon","coordinates":[[[-106.39344764522941,23.25912408346891],[-106.39302872661936,23.25933531563387],[-106.39276300921631,23.259469297943063],[-106.39270713424479,23.259497471611216],[-106.39276300921631,23.25946929794309],[-106.39302872661936,23.25933531563389],[-106.39344764522941,23.25912408346891]]]},"properties":{"ID":439,"ENTIDAD":25,"MUNICIPIO":12,"NOMBRE":"COSTA AZUL","CLASIFICAC":2,"CP":82164,"OTROS_CP":"","CONTROL":1226,"Geometry1_":"1=X_8D{"}},
{"type":"Feature","geometry":{"type":"Polygon","coordinates":[[[-106.389133601163,23.261415957715794],[-106.38922623611339,23.2612518462007],[-106.38937183511933,23.260976228487955],[-106.3894217383336,23.260932995406957],[-106.38944761452464,23.26091057784695],[-106.38972724157023,23.26076378868424],[-106.3899913312153,23.26062515508408],[-106.39007562000455,23.260598363853266],[-106.39045292600765,23.26047843628897],[-106.39085165554327,23.26035169800521],[-106.39106668585706,23.260283348974728],[-106.39127905027752,23.260215846966435],[-106.3914959999529,23.260146887130617],[-106.3915410164967,23.260122261148275],[-106.3915742404057,23.260104086229692],[-106.39196144218515,23.25989226920678],[-106.39240046095352,23.25965210400478],[-106.3916818648474,23.25909343669793],[-106.39095103348838,23.258525248737442],[-106.38990422316812,23.257711386748753],[-106.3889836523978,23.256995657587332],[-106.3888425826387,23.25688653218008],[-106.38876357212989,23.256824546671115],[-106.38873123421814,23.256890967060823],[-106.38867603113538,23.257004351164984],[-106.38852908178191,23.25701940580128],[-106.38845062014066,23.25702744396552],[-106.38796916523047,23.25801475018986],[-106.38744187689225,23.25902133379078],[-106.38740229533447,23.259079531880626],[-106.38680005693313,23.260219375744192],[-106.38636753925026,23.26002599852048],[-106.38619170533099,23.260390279863735],[-106.38705038651516,23.260812782223166],[-106.38705038651516,23.260812782223184],[-106.38790031221836,23.261455444447666],[-106.38821118667943,23.261710615893726],[-106.38821118667944,23.261710615893747],[-106.38849320911149,23.261987535182744],[-106.3884932091115,23.261987535182758],[-106.389133601163,23.261415957715794]]]},"properties":{"ID":440,"ENTIDAD":25,"MUNICIPIO":12,"NOMBRE":"AMPLIACION VILLA VERDE","CLASIFICAC":1,"CP":82139,"OTROS_CP":"","CONTROL":1227,"Geometry1_":"1=X_8D-"}},
{"type":"Feature","geometry":{"type":"Polygon","coordinates":[[[-106.46049640334267,23.45281524588235],[-106.46073219448249,23.4537160882705],[-106.46197207077378,23.454630678334627],[-106.46338293998458,23.45602056380448],[-106.46501754773521,23.45567137211115],[-106.46722398891043,23.452937359234976],[-106.4656727323557,23.451099533334396],[-106.46418549239124,23.45051146519531],[-106.46297660277008,23.450129168587605],[-106.4616669641727,23.451993853610762],[-106.46049640334267,23.45281524588235]]]},"properties":{"ID":445,"ENTIDAD":25,"MUNICIPIO":12,"NOMBRE":"LOS ZAPOTES","CLASIFICAC":5,"CP":82250,"OTROS_CP":"","CONTROL":1277,"Geometry1_":"1=X_6ZI"}},
{"type":"Feature","geometry":{"type":"MultiPolygon","coordinates":[[[[-106.40196501298806,23.282623247532026],[-106.40197938509688,23.28244030387414],[-106.40197938512732,23.28244030348671],[-106.40117429822526,23.282477418646888],[-106.4011691642557,23.282875728459366],[-106.4006507638356,23.282860234085025],[-106.40065644200963,23.283243606783337],[-106.40061273945855,23.28350116279988],[-106.4005682548531,23.28372674407208],[-106.4005104655511,23.284161405785348],[-106.4005104655511,23.28416140578537],[-106.40051046548813,23.284161406123793],[-106.40043189053775,23.28458374628659],[-106.40043189053775,23.284583746286618],[-106.40037152767715,23.284910841125583],[-106.4002751251026,23.285356617426686],[-106.40064660848616,23.285319202274874],[-106.40172770559893,23.285217833072217],[-106.40280746162428,23.285134789412755],[-106.4034723652596,23.285085563053187],[-106.40347237674024,23.28508556220317],[-106.40413703751828,23.28503635020684],[-106.40413703751824,23.28503635020681],[-106.40368694568315,23.284630893139934],[-106.40359626868737,23.284181471078103],[-106.40356592866145,23.283785379154683],[-106.40356592866145,23.283785379154637],[-106.40351071610182,23.28332251705195],[-106.4034334454677,23.282869158086434],[-106.4034334454677,23.28286915808641],[-106.40336272955324,23.28265672165101],[-106.40333443972136,23.28257173580308],[-106.40329201377588,23.28244428324183],[-106.40327374319574,23.282399958985526],[-106.40326156155645,23.282370406423766],[-106.40314290679846,23.282082550116193],[-106.40247369833132,23.282397055051025],[-106.40196501298806,23.282623247532026]]],[[[-106.4041370383128,23.285036350922557],[-106.40375485633729,23.28506464787247],[-106.4041370383128,23.28503635092257],[-106.4041370383128,23.285036350922557]]]]},"properties":{"ID":448,"ENTIDAD":25,"MUNICIPIO":12,"NOMBRE":"FELICIDAD","CLASIFICAC":1,"CP":82129,"OTROS_CP":"","CONTROL":1315,"Geometry1_":"1=X_89M"}},
{"type":"Feature","geometry":{"type":"Polygon","coordinates":[[[-106.40588323740556,23.28208347745972],[-106.40489495695081,23.28250097253585],[-106.40499397637552,23.283032399830468],[-106.40595699249282,23.285166140754338],[-106.405967107229,23.28521138738551],[-106.40628386367175,23.285286855619407],[-106.4064902318139,23.285308435686908],[-106.40703203249295,23.28534682512613],[-106.40730935400684,23.285348773136068],[-106.40734683544302,23.28534238253351],[-106.40588323740556,23.28208347745972]]]},"properties":{"ID":450,"ENTIDAD":25,"MUNICIPIO":12,"NOMBRE":"CLUB CAMPESTRE","CLASIFICAC":2,"CP":82134,"OTROS_CP":"","CONTROL":1919,"Geometry1_":"1=X_89k"}},
{"type":"Feature","geometry":{"type":"Polygon","coordinates":[[[-106.37523695758247,23.260005945020563],[-106.37506489559958,23.259913804172175],[-106.37489671869909,23.259854757328313],[-106.37501173810168,23.259481345409018],[-106.37511472674963,23.258842600621524],[-106.37478768296957,23.25872855531988],[-106.374368765463,23.25859021210043],[-106.37399311295823,23.258784079516566],[-106.37371908024795,23.25893508807585],[-106.37371908016618,23.258935088120907],[-106.37351247094315,23.258976567193063],[-106.37351247094315,23.258976567193084],[-106.37293801879886,23.259338384754354],[-106.37293797269571,23.25933841350071],[-106.37268712181782,23.25949482440844],[-106.3726871219107,23.259494824545047],[-106.37310683557163,23.260112108375385],[-106.37310683557163,23.260112108375406],[-106.37362354210872,23.2607167032473],[-106.37383116516882,23.260929027469953],[-106.37403503016601,23.260907936600727],[-106.37420091678356,23.26089077458851],[-106.37430315307411,23.260874588550767],[-106.37441246931503,23.260857281538712],[-106.37464289790354,23.260786049060048],[-106.3747684426428,23.26066801061292],[-106.37494357127444,23.260627026049608],[-106.37498504206211,23.26061732079635],[-106.3750084076081,23.26061705304536],[-106.3750317731538,23.260616785290907],[-106.37523695758247,23.260005945020563]]]},"properties":{"ID":476,"ENTIDAD":25,"MUNICIPIO":12,"NOMBRE":"MIGUEL HIDALGO Y COSTILLA","CLASIFICAC":1,"CP":82013,"OTROS_CP":"","CONTROL":1667,"Geometry1_":"1=X_8DA-"}},
{"type":"Feature","geometry":{"type":"MultiPolygon","coordinates":[[[[-106.39264924783102,23.27886070906989],[-106.39273891815635,23.278914468536584],[-106.39319357807878,23.27916982199906],[-106.39334422273579,23.27874706955915],[-106.39370672989999,23.278381150621083],[-106.39423323269604,23.277773447977484],[-106.39462724483944,23.277324535054678],[-106.3946272450389,23.277324534827436],[-106.39421178972448,23.27702912110776],[-106.39395840318073,23.276906635004888],[-106.39368064591335,23.276874994413998],[-106.39338725902844,23.27720128277727],[-106.39293753742938,23.276955616669554],[-106.39236368896792,23.27760756865189],[-106.39193910471447,23.27737625532233],[-106.39151578014746,23.277114628175344],[-106.39151578010096,23.27711462814662],[-106.39151578000799,23.277114628089155],[-106.39113029992699,23.27689455465132],[-106.39122992939468,23.277604952509737],[-106.39209526624548,23.278035434895337],[-106.39173178536495,23.278439616894786],[-106.39229157736531,23.278657594183507],[-106.39234589683834,23.27869727296222],[-106.39240116888159,23.27871982947129],[-106.39264924783102,23.27886070906989]]],[[[-106.39229157725437,23.278657594892454],[-106.39173178536495,23.278439616894786],[-106.39209526578107,23.27803543541171],[-106.3912299294345,23.277604953276764],[-106.39113029992699,23.27689455465132],[-106.39113029992697,23.276894554651303],[-106.39047314324333,23.27653960578681],[-106.3903924806563,23.276653723783816],[-106.39016246622667,23.276953064722797],[-106.38979023941066,23.27756271590518],[-106.38997205077177,23.27802893238675],[-106.39050720844213,23.278444536577215],[-106.39058744768025,23.278525637243693],[-106.39075628624792,23.27869628794553],[-106.391337754665,23.278999907177024],[-106.39216470259623,23.27946828076295],[-106.39229157725437,23.278657594892454]]]]},"properties":{"ID":480,"ENTIDAD":25,"MUNICIPIO":12,"NOMBRE":"JARDINES DEL VALLE","CLASIFICAC":1,"CP":82129,"OTROS_CP":"","CONTROL":1685,"Geometry1_":"1=X_8D:"}},
{"type":"Feature","geometry":{"type":"Polygon","coordinates":[[[-106.38706005096661,23.267895344185565],[-106.3871748214689,23.267801641836787],[-106.38758564474496,23.267466230716447],[-106.38780199571977,23.267338758231748],[-106.38794630310349,23.267516687808712],[-106.38794630320527,23.267516687934215],[-106.38794630324202,23.26751668793],[-106.38875464826505,23.26742407894485],[-106.38936965571297,23.26732586565914],[-106.38994760605725,23.26723250814311],[-106.39037163271618,23.26717572042617],[-106.39048611452361,23.26710712726068],[-106.39048611452363,23.267107127260655],[-106.39037954744408,23.26698289132424],[-106.39037954737493,23.266982891243643],[-106.39037954737495,23.266982891243618],[-106.39047822605085,23.26638445598589],[-106.39062538745573,23.265626051534063],[-106.39041899829692,23.265445984828492],[-106.39035953297757,23.265294834059716],[-106.39035953286275,23.26529483376794],[-106.39035953286275,23.2652948337679],[-106.39032552335858,23.26525193491341],[-106.39029426608423,23.26521250762997],[-106.39001250862898,23.264950215479427],[-106.38969723079173,23.26465671659254],[-106.3894382163728,23.264415593012238],[-106.3892513049978,23.264241591337505],[-106.38925130499779,23.264241591337484],[-106.38889360891156,23.26390567779357],[-106.38869753565943,23.26371691848969],[-106.3883535191347,23.26339819109934],[-106.38801454164145,23.263083867298],[-106.38765280913509,23.262739598540257],[-106.38765280913508,23.262739598540268],[-106.38679413744771,23.2636022019607],[-106.38671192717356,23.26353615886531],[-106.38671192717356,23.263536158865335],[-106.38668662399655,23.26357759120867],[-106.38648511676769,23.263907545469934],[-106.38635091852692,23.264127284883525],[-106.38621463026118,23.264350445737513],[-106.38621463026116,23.264350445737545],[-106.38588585315867,23.264689590918987],[-106.38588585315867,23.264689590919],[-106.38585210150755,23.26472440680605],[-106.38549746944318,23.264959354955447],[-106.38542465788284,23.265007593322572],[-106.38513417369418,23.265264794896954],[-106.38499612866589,23.265360992111773],[-106.38465061697818,23.265465885354367],[-106.38457787359582,23.265487969264612],[-106.38450513018776,23.26551005314222],[-106.38409606470667,23.26561978562004],[-106.38402717899952,23.26562974141713],[-106.38391608996719,23.265645796638783],[-106.3833291586619,23.265582169544867],[-106.38303893087358,23.26623775968864],[-106.38346644890136,23.266268545440322],[-106.38408141295447,23.266295634258245],[-106.38403603908073,23.26644344707706],[-106.38401847893397,23.266754523127727],[-106.38400336835004,23.26714793545184],[-106.38488719930784,23.267190805774003],[-106.38529616249052,23.267584412536657],[-106.38575629163044,23.26800147645302],[-106.38594653275226,23.26820701723993],[-106.3861742459675,23.268140571430763],[-106.3861742572849,23.268140568128377],[-106.38640466702364,23.267977019240416],[-106.3868672180959,23.268000489175755],[-106.38706005096661,23.267895344185565]]]},"properties":{"ID":483,"ENTIDAD":25,"MUNICIPIO":12,"NOMBRE":"LAS MAÑANITAS","CLASIFICAC":2,"CP":82139,"OTROS_CP":"","CONTROL":1700,"Geometry1_":"1=X_8D/"}},
{"type":"Feature","geometry":{"type":"Polygon","coordinates":[[[-106.41688884720158,23.264510194505792],[-106.41719252028987,23.26336666552609],[-106.41710926766103,23.263680166388724],[-106.41688884720158,23.264510194505792]]]},"properties":{"ID":487,"ENTIDAD":25,"MUNICIPIO":12,"NOMBRE":"LA JOYA","CLASIFICAC":2,"CP":82128,"OTROS_CP":"","CONTROL":1727,"Geometry1_":"1=X_8d9"}},
{"type":"Feature","geometry":{"type":"Polygon","coordinates":[[[-106.39684456239297,23.27403082337315],[-106.39684456236304,23.2740308250302],[-106.39684456227334,23.274030829998622],[-106.3968319369337,23.27473005693243],[-106.39683193671054,23.2747300692914],[-106.39683193672275,23.274730069362718],[-106.39690789946376,23.27517353337621],[-106.39693697445142,23.275343269752977],[-106.39731491172661,23.27621554295447],[-106.39731491197188,23.276215543650185],[-106.3975977850365,23.277017938003176],[-106.39769418720476,23.277029113934642],[-106.39788326277092,23.277051033341486],[-106.397883262949,23.277051033362124],[-106.39804678386194,23.277069990043877],[-106.39824140815891,23.277027438967675],[-106.39862650644208,23.27703868399808],[-106.39903091666714,23.277033803548626],[-106.39997659771865,23.277022386938583],[-106.39997659779198,23.2770223869377],[-106.39990421621293,23.276727842083],[-106.39972039673574,23.275894505184603],[-106.39968951191011,23.275665100111524],[-106.39941402584054,23.27542116171076],[-106.39941402573916,23.275421161620997],[-106.39941402563782,23.27542116153126],[-106.39953213935526,23.275289334601712],[-106.39969544555849,23.27510706770379],[-106.40000938194467,23.274797299750535],[-106.39984018714553,23.27461780091683],[-106.39972532493458,23.274543831341166],[-106.39951414335953,23.2745590048883],[-106.39947878259414,23.274406192161734],[-106.39940383677728,23.27399001182219],[-106.39937688391737,23.273760560021245],[-106.39933842479799,23.27360493915713],[-106.39927268741869,23.27318867656856],[-106.39921037508509,23.2728064118511],[-106.39916279797067,23.272659379321762],[-106.39892714566543,23.272431787923278],[-106.39790920317863,23.272537272715333],[-106.39684096585606,23.27271720903008],[-106.39684096585933,23.272717209615493],[-106.39684096588657,23.272717209602977],[-106.39684096588766,23.27271720979806],[-106.3968409658604,23.272717209810576],[-106.39684766641473,23.273917359531247],[-106.39684456239297,23.27403082337315]]]},"properties":{"ID":500,"ENTIDAD":25,"MUNICIPIO":12,"NOMBRE":"PUERTAS DEL SOL","CLASIFICAC":2,"CP":82129,"OTROS_CP":"","CONTROL":1843,"Geometry1_":"1=X_8D*"}},
{"type":"Feature","geometry":{"type":"Polygon","coordinates":[[[-106.39705373213535,23.27002631302603],[-106.396780327573,23.27007646094364],[-106.39664322765873,23.270094494727708],[-106.39630492188134,23.270142551947277],[-106.39630492120665,23.27014255204312],[-106.39629792128781,23.270143546391868],[-106.39626132420288,23.27014874505626],[-106.39602337802056,23.27018254541021],[-106.39587629814469,23.27020399546333],[-106.39578384363669,23.270216570990012],[-106.39566276061876,23.27025343716007],[-106.39438356956934,23.27042071724306],[-106.39389187485943,23.270487889754396],[-106.39334347875008,23.27057030251356],[-106.3932863470888,23.27055076877708],[-106.3931145546828,23.270574714356446],[-106.3929867163934,23.270588936779582],[-106.39298671710473,23.27058894106368],[-106.39302830574105,23.270839413486478],[-106.39302976113878,23.27083903969017],[-106.39302976120078,23.27083903967425],[-106.39310056457707,23.27082085490768],[-106.39317875651425,23.27084310701937],[-106.3932704738296,23.271037668738213],[-106.39332283311835,23.271193457785472],[-106.39333002698969,23.271405506971227],[-106.39333506648161,23.271889991577023],[-106.3933424132276,23.272356089146736],[-106.39336523832564,23.272357430171237],[-106.39348479169637,23.2724132451181],[-106.3937224709119,23.272113836211666],[-106.39403832941187,23.271715940880966],[-106.3941588095941,23.271564168038047],[-106.39445182945902,23.27148790060488],[-106.39487793987333,23.271509999243705],[-106.39540630141173,23.271503955296623],[-106.39540630209726,23.271503955397836],[-106.39569945425161,23.271547237948305],[-106.39589050204017,23.271495279436593],[-106.39598602214322,23.271469301110805],[-106.39609379573163,23.271398008973783],[-106.39618411687093,23.27108784042503],[-106.39618418532312,23.271087605355337],[-106.39618427055682,23.27108731265675],[-106.39589098494109,23.270702623355763],[-106.3958909852073,23.27070262299557],[-106.39618427070634,23.27108731214328],[-106.39618427089324,23.271087311501432],[-106.39648298328618,23.270698679804596],[-106.39680601180766,23.270316787653442],[-106.39705373213535,23.27002631302603]]]},"properties":{"ID":509,"ENTIDAD":25,"MUNICIPIO":12,"NOMBRE":"DON FEDERICO","CLASIFICAC":1,"CP":82136,"OTROS_CP":"","CONTROL":1973,"Geometry1_":"1=X_8D-"}},
{"type":"Feature","geometry":{"type":"Polygon","coordinates":[[[-106.25803554264141,23.333726823842166],[-106.259127658292,23.332252666403733],[-106.26014465087009,23.32791495101079],[-106.25869862904513,23.324995810631258],[-106.25669033152717,23.32363535983787],[-106.25366147969555,23.32368182766176],[-106.25271100994787,23.327441704659964],[-106.2533832341336,23.32990083807757],[-106.25803554264141,23.333726823842166]]]},"properties":{"ID":520,"ENTIDAD":25,"MUNICIPIO":12,"NOMBRE":"COFRADIA","CLASIFICAC":5,"CP":82249,"OTROS_CP":"","CONTROL":2064,"Geometry1_":"1=X_9.["}},
{"type":"Feature","geometry":{"type":"Polygon","coordinates":[[[-106.42572030318296,23.290814620883022],[-106.42571631694962,23.29070995309313],[-106.425713910823,23.290646774525186],[-106.42570662770396,23.29056133450393],[-106.4257197698956,23.288824068414062],[-106.42571802089863,23.288742905972757],[-106.42571470687656,23.28858911769472],[-106.42552993397669,23.288633313153287],[-106.42547000749191,23.28864839489403],[-106.42521677011796,23.288698057933743],[-106.42532065343696,23.290574949164718],[-106.42532065343696,23.290574949164736],[-106.42532887161344,23.29066407202459],[-106.42532768552981,23.290854350546663],[-106.42532768552981,23.290854350546685],[-106.4257127856231,23.29087884705048],[-106.42572030318296,23.290814620883022]]]},"properties":{"ID":522,"ENTIDAD":25,"MUNICIPIO":12,"NOMBRE":"COLINAS DEL VALLE","CLASIFICAC":2,"CP":82128,"OTROS_CP":"","CONTROL":2078,"Geometry1_":"1=X_88x"}},
{"type":"Feature","geometry":{"type":"Polygon","coordinates":[[[-106.44369365423724,23.28291995450033],[-106.44371195789338,23.282904307636496],[-106.44447242946185,23.28223879255072],[-106.44425006959236,23.282067790717388],[-106.44418667868132,23.282019487108343],[-106.44348649725438,23.281498733388542],[-106.44340869931806,23.28144050412936],[-106.44324863834105,23.281324095316904],[-106.44273867642718,23.281916587988036],[-106.44258981382791,23.282089540823574],[-106.44312140414925,23.282531978853314],[-106.44369365423724,23.28291995450033]]]},"properties":{"ID":525,"ENTIDAD":25,"MUNICIPIO":12,"NOMBRE":"MARENGO HABITAT","CLASIFICAC":2,"CP":82128,"OTROS_CP":"","CONTROL":2115,"Geometry1_":"1=X_88V"}},
{"type":"Feature","geometry":{"type":"Polygon","coordinates":[[[-106.43981885011266,23.28945496633391],[-106.44080868915336,23.290684144763272],[-106.44483228254596,23.289018351956035],[-106.44276185370776,23.28782385882757],[-106.44186957578603,23.288088939664526],[-106.4411733359209,23.288269755374582],[-106.44122360773521,23.28846578513502],[-106.43981885011266,23.28945496633391]]]},"properties":{"ID":537,"ENTIDAD":25,"MUNICIPIO":12,"NOMBRE":"BLUU HABITAT","CLASIFICAC":2,"CP":82128,"OTROS_CP":"","CONTROL":2158,"Geometry1_":"1=X_88V"}},
{"type":"Feature","geometry":{"type":"Polygon","coordinates":[[[-106.414799236,23.291938482000003],[-106.41477035837396,23.291857349893213],[-106.41387927965245,23.291871056361014],[-106.41288979925898,23.291846300143387],[-106.41283119516292,23.291888866527614],[-106.41257716319033,23.291718343745046],[-106.41241751392506,23.292021889688264],[-106.41237387668507,23.292107148559193],[-106.41233838640305,23.292506173254846],[-106.41232855899526,23.292636028973515],[-106.41227139488828,23.293007038561367],[-106.41226657753037,23.29312932641837],[-106.4121988653583,23.29365840843168],[-106.41218380933161,23.293775146427112],[-106.4121429624352,23.293956059922056],[-106.41372410247425,23.295418150400565],[-106.41379387970332,23.295100229058608],[-106.41391308182197,23.294557113261835],[-106.41489969806206,23.294070514309833],[-106.414356324,23.29324742099999],[-106.414521353,23.292549487000038],[-106.41470393,23.292051058999974],[-106.414799236,23.291938482000003]]]},"properties":{"ID":544,"ENTIDAD":25,"MUNICIPIO":12,"NOMBRE":"VISTA HERMOSA","CLASIFICAC":2,"CP":82128,"OTROS_CP":"","CONTROL":2398,"Geometry1_":"1=X_85"}},
{"type":"Feature","geometry":{"type":"Polygon","coordinates":[[[-106.42521677011796,23.288698057933743],[-106.42451604917002,23.28883774666237],[-106.42449437816069,23.288876368045216],[-106.4244116367921,23.28889467144372],[-106.4243983441814,23.288900247499512],[-106.42438996503398,23.28890909957489],[-106.42438466933251,23.288918160836825],[-106.42419791713671,23.288958755628553],[-106.42419325789474,23.288955240104663],[-106.42418215987165,23.28894988553564],[-106.42415878105552,23.288948674682334],[-106.42408064078548,23.288965038622393],[-106.42404559242117,23.28895302302398],[-106.42314016463034,23.28914037776007],[-106.42248468996137,23.291704085737816],[-106.42281964312461,23.291909343858975],[-106.42321103156986,23.29207797887352],[-106.4233281175122,23.29217927353585],[-106.42353719208586,23.29246428058383],[-106.42361659276173,23.292519995916038],[-106.42434596270449,23.292851089129048],[-106.42453803357529,23.292919048412436],[-106.42461484542355,23.292936551327504],[-106.42485197753402,23.29300113276863],[-106.42497510488211,23.293050571410372],[-106.4250586133315,23.293080147022298],[-106.42521745547319,23.293193974350793],[-106.42538594078454,23.292363302340846],[-106.4253939920894,23.291885967629696],[-106.4253939920894,23.291885967629657],[-106.42532768552981,23.290854350546685],[-106.42532768552981,23.290854350546663],[-106.42532887161344,23.29066407202459],[-106.42532065343696,23.290574949164736],[-106.42532065343696,23.290574949164718],[-106.42521677011796,23.288698057933743]]]},"properties":{"ID":591,"ENTIDAD":25,"MUNICIPIO":12,"NOMBRE":"PLATINO NORTE","CLASIFICAC":2,"CP":82128,"OTROS_CP":"","CONTROL":2204,"Geometry1_":"1=X_88x"}},
{"type":"Feature","geometry":{"type":"Polygon","coordinates":[[[-106.39684456239297,23.27403082337315],[-106.39597848892068,23.274001081656547],[-106.39507890847345,23.2740863926855],[-106.39507890571389,23.2740863929472],[-106.39487698375237,23.274084381258426],[-106.39487698353341,23.274084381889622],[-106.39481037139394,23.274276402232093],[-106.3946782347892,23.274828045096],[-106.39495653176428,23.27518951744723],[-106.39669550614384,23.275174008865516],[-106.39690789944117,23.275173533376257],[-106.39690789946376,23.27517353337621],[-106.39683193672275,23.274730069362718],[-106.39683193671054,23.2747300692914],[-106.3968319369337,23.27473005693243],[-106.39684456227334,23.274030829998622],[-106.39684456236304,23.2740308250302],[-106.39684456239297,23.27403082337315]]]},"properties":{"ID":655,"ENTIDAD":25,"MUNICIPIO":12,"NOMBRE":"BAHIA","CLASIFICAC":2,"CP":82129,"OTROS_CP":"","CONTROL":2207,"Geometry1_":"1=X_8D-"}},
{"type":"Feature","geometry":{"type":"Polygon","coordinates":[[[-106.41374533214126,23.259367385627566],[-106.41373412259132,23.25932218054352],[-106.41316230408898,23.259413671893444],[-106.41223388569793,23.259591688253284],[-106.41187415317427,23.25964031206518],[-106.41090980532175,23.25980784077766],[-106.41070537861185,23.259832371972436],[-106.41051692704806,23.25981893566286],[-106.4102710895544,23.25979844986118],[-106.40995959998644,23.259763423784165],[-106.40925662301748,23.259600338483633],[-106.40966045424645,23.259976403818666],[-106.41022794457479,23.260504870136348],[-106.409660454246,23.259976403818673],[-106.40925662301748,23.259600338483633],[-106.4092566227617,23.259600338424292],[-106.40925662225008,23.259600338305596],[-106.40966045374066,23.259976403884448],[-106.40966045427857,23.259976404385363],[-106.4103607621391,23.26062855397672],[-106.41059795038176,23.260847430010912],[-106.41109676408236,23.26130772896444],[-106.41187068062072,23.262021880082184],[-106.41187068080849,23.262021880255453],[-106.41187068090161,23.262021880341383],[-106.41187068108786,23.26202188051324],[-106.41187068170466,23.26202188056626],[-106.41187105775238,23.26202191289147],[-106.4118706810555,23.262021879945618],[-106.4118706810554,23.262021879945607],[-106.411870681055,23.26202187994557],[-106.41159558117793,23.261768025571293],[-106.41187068102303,23.262021879377883],[-106.41187143436927,23.262021945265612],[-106.41559714207861,23.26234216336506],[-106.41556716899073,23.26194190433628],[-106.41548958135708,23.261761946021032],[-106.41431582604929,23.26175545598001],[-106.41460151417083,23.260165012354427],[-106.41442012057666,23.260155979979416],[-106.41389928759503,23.26013618036689],[-106.41388465929676,23.260061296621117],[-106.41382016811926,23.259725144244324],[-106.41380302081379,23.259654701732373],[-106.41374533214126,23.259367385627566]]]},"properties":{"ID":666,"ENTIDAD":25,"MUNICIPIO":12,"NOMBRE":"LOS VENADOS","CLASIFICAC":2,"CP":82154,"OTROS_CP":"","CONTROL":195,"Geometry1_":"1=X_8C"}},
{"type":"Feature","geometry":{"type":"Polygon","coordinates":[[[-106.4077238191128,23.263592458848308],[-106.40781921914115,23.263592461768468],[-106.40788237789299,23.26359246366984],[-106.41004245362296,23.263389600904745],[-106.41011474453252,23.263377340534458],[-106.41016007402371,23.263370351639267],[-106.41243542673107,23.263162325685965],[-106.41253628834498,23.26315782731531],[-106.41257859364427,23.262929522979967],[-106.4127973035406,23.26289746419952],[-106.41279730403943,23.262897464126397],[-106.41263136888267,23.26274289415039],[-106.41237624981686,23.262505247542105],[-106.41237624958518,23.26250524732629],[-106.41237624889014,23.26250524667885],[-106.41213723066807,23.262276724922305],[-106.41187068192106,23.262021880773165],[-106.41187068170466,23.26202188056626],[-106.4118706810555,23.262021879945618],[-106.4118706810554,23.262021879945607],[-106.41187068097312,23.262021880048856],[-106.41187068080849,23.262021880255453],[-106.41169878300535,23.262237603368998],[-106.41148381597299,23.262222603810677],[-106.41105114765608,23.262166629321424],[-106.41009074957994,23.2620423777393],[-106.41009074957788,23.262042377739032],[-106.40982054067767,23.262032236972004],[-106.40957654572111,23.262023079595593],[-106.40794059970231,23.261880597862568],[-106.40768785698707,23.261802773999243],[-106.40768785698707,23.261802773999253],[-106.4076878569833,23.261802774195388],[-106.40768781235809,23.2618050982098],[-106.40768781234077,23.261805099111662],[-106.40768145934821,23.262135953872637],[-106.40768359014847,23.26230578942661],[-106.40768890357579,23.262729290289652],[-106.40768894706264,23.262732756323985],[-106.40769799825503,23.262979840931255],[-106.40771607969732,23.263354609204114],[-106.4077238191128,23.263592458848308]]]},"properties":{"ID":667,"ENTIDAD":25,"MUNICIPIO":12,"NOMBRE":"TORREMOLINOS","CLASIFICAC":2,"CP":82129,"OTROS_CP":"","CONTROL":192,"Geometry1_":"1=X_8D-"}},
{"type":"Feature","geometry":{"type":"MultiPolygon","coordinates":[[[[-106.4077238191128,23.263592458848308],[-106.40758795300793,23.263634584295918],[-106.40662364213286,23.26375233714499],[-106.40662364210459,23.263752337148446],[-106.40662026938219,23.263853880580164],[-106.4066249755335,23.263952772413937],[-106.4065979498875,23.26400069403917],[-106.40660858043091,23.26441972601238],[-106.40660785763372,23.264460166757893],[-106.40660820623445,23.264507553418802],[-106.40660820625457,23.26450755365862],[-106.40661997388102,23.26464773277678],[-106.40769936269953,23.264549677891054],[-106.407699362764,23.26454967769459],[-106.4078313016051,23.264562338334628],[-106.40783132829412,23.26456234089561],[-106.407970957033,23.264536788159905],[-106.40804237365876,23.264523718520127],[-106.40962521509063,23.264318286248177],[-106.41020379374793,23.264237208729966],[-106.41031086749531,23.264222204110087],[-106.41228281797119,23.263973324781333],[-106.41238586812392,23.26395994778664],[-106.41252270321233,23.263942185043685],[-106.413011663721,23.26387871143004],[-106.41301166372146,23.263878711429967],[-106.41352644157229,23.263811884680692],[-106.4137125583613,23.26373787366497],[-106.41371262479637,23.263737847246336],[-106.413712624936,23.263737847190818],[-106.41371262493607,23.263737847190864],[-106.41371262493614,23.263737847190825],[-106.41342709522337,23.26348390700144],[-106.41279730403943,23.262897464126397],[-106.4127973035406,23.26289746419952],[-106.41257859364427,23.262929522979967],[-106.41253628834498,23.26315782731531],[-106.41243542673107,23.263162325685965],[-106.41016007402371,23.263370351639267],[-106.41011474453252,23.263377340534458],[-106.41004245362296,23.263389600904745],[-106.40788237789299,23.26359246366984],[-106.40781921914115,23.263592461768468],[-106.4077238191128,23.263592458848308]]],[[[-106.40797096471881,23.264536786753396],[-106.407970957033,23.264536788159905],[-106.4079709269833,23.2645367936592],[-106.40797095703316,23.26453678815992],[-106.40797096471881,23.264536786753396]]]]},"properties":{"ID":668,"ENTIDAD":25,"MUNICIPIO":12,"NOMBRE":"ARBOLEDAS I","CLASIFICAC":2,"CP":82132,"OTROS_CP":"","CONTROL":191,"Geometry1_":"1=X_8D,"}},
{"type":"Feature","geometry":{"type":"Polygon","coordinates":[[[-106.40504081223891,23.25967407489355],[-106.40489141293453,23.259635477529507],[-106.4048914128163,23.25963547749896],[-106.40489141320249,23.259635478157133],[-106.40495059359097,23.25973633362816],[-106.40586205344005,23.260402966996935],[-106.40651242759856,23.26087871921998],[-106.40748185806362,23.26158728760661],[-106.40759558420659,23.261774361484463],[-106.40768785698707,23.261802773999243],[-106.40794059970231,23.261880597862568],[-106.40957654572111,23.262023079595593],[-106.40982054067767,23.262032236972004],[-106.41009074957788,23.262042377739032],[-106.41009074957994,23.2620423777393],[-106.41105114765608,23.262166629321424],[-106.41148381597299,23.262222603810677],[-106.41169878300535,23.262237603368998],[-106.41187068090161,23.262021880341383],[-106.41187068106625,23.262021880134775],[-106.41187068097312,23.262021880048856],[-106.41187068091047,23.262021879991035],[-106.41109676406084,23.261307728586228],[-106.41059795036026,23.26084742963284],[-106.41036076211763,23.260628553598714],[-106.40966045425715,23.25997640400757],[-106.40966045407781,23.25997640384056],[-106.4092566227617,23.259600338424292],[-106.40925662222871,23.259600337927935],[-106.40879473696597,23.259170206112717],[-106.40841075023802,23.258812614238977],[-106.4079313210546,23.258366136364813],[-106.40763649494431,23.258091571445195],[-106.40646412051976,23.256999748242986],[-106.40600129502417,23.256568714843045],[-106.40593164124881,23.256503845304866],[-106.40555811708523,23.256155975346832],[-106.40508094867653,23.25571157550697],[-106.40508082165222,23.255711457205223],[-106.4048785282893,23.255862095346288],[-106.40484251871929,23.25588890954495],[-106.40487852827881,23.25586209515809],[-106.4050302606135,23.2557491074385],[-106.40487852824735,23.25586209459342],[-106.40473447982394,23.255969359614244],[-106.4046281372181,23.256032101885044],[-106.4046281372181,23.256032101885072],[-106.40454893044692,23.256131675934398],[-106.40454893054086,23.25613167621921],[-106.40454893058782,23.256131676361644],[-106.4046180003967,23.256341147333767],[-106.4046734378027,23.256526024264378],[-106.4046734378027,23.25652602426441],[-106.40478314764222,23.256784564755705],[-106.40481298539406,23.256801410785297],[-106.4048428231532,23.25681825680879],[-106.4048428231532,23.25681825680882],[-106.40484282309671,23.25681825714181],[-106.40484282306849,23.2568182573083],[-106.40482455554732,23.256925949473043],[-106.40478560809096,23.257019348336904],[-106.40478560809096,23.257019348336936],[-106.40473483205501,23.25727932457691],[-106.40469398999487,23.257422946785262],[-106.40461666837828,23.25749047089643],[-106.40461666837828,23.25749047089646],[-106.40459108592694,23.257601923450007],[-106.4044994155921,23.25778810637187],[-106.4044994106767,23.25778811635505],[-106.4045010938794,23.257948757752537],[-106.40450109389758,23.25794875786493],[-106.40450109390669,23.257948757921245],[-106.40450067335074,23.257908621063105],[-106.40450109391577,23.257948757977452],[-106.40451967174351,23.258063707677934],[-106.40456498024463,23.258086203949883],[-106.40460976880202,23.258108442042058],[-106.40471624250766,23.258058056748297],[-106.40471624250766,23.258058056748318],[-106.40478427783512,23.258168671734985],[-106.404824788265,23.258205383841613],[-106.40493294570625,23.25831563976293],[-106.40510693699495,23.258326440968446],[-106.40516122212595,23.258317581299828],[-106.40526716566707,23.25830029060264],[-106.40526716694838,23.258300291763838],[-106.40529417272924,23.258324765252635],[-106.40529417264005,23.258324765530002],[-106.40529417259545,23.25832476566873],[-106.40529417255087,23.258324765807362],[-106.4052423609413,23.258485885386627],[-106.40513601666302,23.258548628067683],[-106.40507031245156,23.258660439738804],[-106.40501875934528,23.258846273864258],[-106.4049138394202,23.259044943703053],[-106.40491383950798,23.259044943954038],[-106.4049138395519,23.259044944079545],[-106.40498278216242,23.2592420577397],[-106.40505133650942,23.259402100655766],[-106.405086940102,23.259408629072613],[-106.405560672679,23.259728948700264],[-106.40612021132401,23.26010983419488],[-106.405560672681,23.259728948701778],[-106.405086940102,23.259408629072613],[-106.40505133655141,23.259402101410945],[-106.40505022164271,23.259430913075754],[-106.40505133654091,23.259402101222197],[-106.40505133649194,23.259402101107852],[-106.4050468751352,23.259517394085446],[-106.40504081223891,23.25967407489355]],[[-106.40500346280058,23.25966442622678],[-106.40504081227043,23.259674075460115],[-106.40504232767347,23.25963491356321],[-106.40504081228092,23.259674075648963],[-106.40500346280058,23.25966442622678]],[[-106.40499253768074,23.258895926260287],[-106.4050187593768,23.258846274430393],[-106.40507031248306,23.258660440304887],[-106.4051360166945,23.258548628633637],[-106.40516260645451,23.25853294079802],[-106.40513601670503,23.258548628822297],[-106.40507031249355,23.25866044049354],[-106.40501875938727,23.258846274619053],[-106.40499253768074,23.258895926260287]],[[-106.40528122122328,23.258365041503662],[-106.40529417271621,23.258324765957205],[-106.40529417277129,23.258324766007128],[-106.40528122122328,23.258365041503662]],[[-106.40456817328555,23.257648459822512],[-106.40459108595837,23.25760192401555],[-106.40459748157471,23.25757406087748],[-106.40459108596883,23.257601924204035],[-106.40456817328555,23.257648459822512]],[[-106.40467465962948,23.257439828381784],[-106.4046939900263,23.257422947350726],[-106.40473483208643,23.257279325142267],[-106.40474752788899,23.257214321981735],[-106.4047348320969,23.257279325330742],[-106.40469399003676,23.25742294753921],[-106.40467465962948,23.257439828381784]],[[-106.40481481792088,23.256949301670048],[-106.40482455557877,23.256925950038244],[-106.40482912318268,23.256899022744932],[-106.40482455558926,23.25692595022664],[-106.40481481792088,23.256949301670048]]]},"properties":{"ID":679,"ENTIDAD":25,"MUNICIPIO":12,"NOMBRE":"VALLE DORADO","CLASIFICAC":2,"CP":82132,"OTROS_CP":"","CONTROL":194,"Geometry1_":"1=X_8D-"}},
{"type":"Feature","geometry":{"type":"MultiPolygon","coordinates":[[[[-106.40225038819686,23.26550248179511],[-106.40225038850475,23.265502482091232],[-106.40230706173757,23.265486007952077],[-106.40225038819686,23.26550248179511]]],[[[-106.4023070637559,23.26548600736539],[-106.40225038865873,23.265502482239324],[-106.40236727540278,23.265614900458534],[-106.4023673335123,23.265614956346468],[-106.403198656552,23.266414489652856],[-106.403880785993,23.267070523955606],[-106.404988309305,23.26813565767642],[-106.405833725187,23.268948698566696],[-106.40648456812487,23.269574607397026],[-106.40714768494995,23.270212310735403],[-106.40714768495,23.27021231073546],[-106.40716954185937,23.269976008710298],[-106.407185337574,23.269805235832592],[-106.40718871911912,23.26973236471259],[-106.40720434171877,23.269395702719333],[-106.40721859511054,23.269172227107862],[-106.407232157135,23.268959590891722],[-106.40729511828833,23.267972430866056],[-106.40730987543694,23.26774105420252],[-106.40733735060455,23.267371423876533],[-106.4073585084206,23.267146706834506],[-106.40579858012855,23.266785900489467],[-106.405731967808,23.266738237863553],[-106.40451823088789,23.26626298667879],[-106.40439466721612,23.26620471974507],[-106.40421988522196,23.265102331650947],[-106.40409393223061,23.265127249651158],[-106.40421988521338,23.265102331596783],[-106.40421988482395,23.265102329140525],[-106.40260328849728,23.26542214392365],[-106.40236374741366,23.26546953132856],[-106.40230707384599,23.265486004432496],[-106.402307067792,23.26548600619218],[-106.4023070637559,23.26548600736539]]],[[[-106.40716650846977,23.270008803993825],[-106.40714768497594,23.27021231075973],[-106.40714768496055,23.270212310926013],[-106.40648456814603,23.269574607777948],[-106.40583372520831,23.268948698947447],[-106.40648456814601,23.269574607777976],[-106.40714768497115,23.27021231111657],[-106.40714768500192,23.270212310783982],[-106.40716650846977,23.270008803993825]]],[[[-106.40498830932627,23.26813565805681],[-106.40388078601416,23.26707052433563],[-106.40319865657283,23.266414490032798],[-106.40388078601414,23.26707052433567],[-106.40498830932627,23.26813565805681]]]]},"properties":{"ID":681,"ENTIDAD":25,"MUNICIPIO":12,"NOMBRE":"MISIONES 2000","CLASIFICAC":2,"CP":82133,"OTROS_CP":"","CONTROL":1918,"Geometry1_":"1=X_8D("}},
{"type":"Feature","geometry":{"type":"Polygon","coordinates":[[[-106.40350069721045,23.256096238086332],[-106.40314920625596,23.256419560330766],[-106.4027807325218,23.256716030354575],[-106.40314920625596,23.25641956033081],[-106.40350069721045,23.256096238086332]]]},"properties":{"ID":699,"ENTIDAD":25,"MUNICIPIO":12,"NOMBRE":"MAR DE CORTEZ","CLASIFICAC":2,"CP":82130,"OTROS_CP":"","CONTROL":231,"Geometry1_":"1=X_8D]"}},
{"type":"Feature","geometry":{"type":"Polygon","coordinates":[[[-106.38110298045791,23.28677197416783],[-106.3801116334972,23.28568756650107],[-106.37923791153769,23.284378734279432],[-106.37900570754748,23.284054043209142],[-106.37876055533482,23.283708172779807],[-106.37852540366927,23.283375970208215],[-106.37797620847456,23.282573573440793],[-106.37645832483865,23.280208144076337],[-106.37570587284004,23.280827004431234],[-106.37518987920365,23.28108885510531],[-106.37499320518634,23.28384860607149],[-106.37471993026062,23.28489963860062],[-106.37443608460964,23.28719144812819],[-106.37438224317037,23.28849630095894],[-106.37823567903261,23.29042035634018],[-106.38110298045791,23.28677197416783]]]},"properties":{"ID":744,"ENTIDAD":25,"MUNICIPIO":12,"NOMBRE":"LA CANTERA","CLASIFICAC":2,"CP":82139,"OTROS_CP":"","CONTROL":2160,"Geometry1_":"1=X_8>"}},
{"type":"Feature","geometry":{"type":"MultiPolygon","coordinates":[[[[-106.41559714207861,23.26234216336506],[-106.417424529088,23.262492984885633],[-106.41742452983576,23.262492984947343],[-106.41742452983576,23.262492984947308],[-106.41559714207861,23.26234216336506]]],[[[-106.41726549353115,23.263091869805915],[-106.41726549357954,23.263091869623644],[-106.417424529088,23.262492984885633],[-106.415597142079,23.26234216336514],[-106.414455903493,23.262247961384883],[-106.41187118331305,23.262021923872997],[-106.41187068192106,23.262021880773165],[-106.41187068109868,23.262021880702473],[-106.41237624893344,23.2625052474361],[-106.4123762491543,23.26250524746259],[-106.41237624981686,23.262505247542105],[-106.41726549353115,23.263091869805915]]],[[[-106.41187155989897,23.26202195624445],[-106.41445590349348,23.262247961384876],[-106.41559714207861,23.26234216336506],[-106.41187155989897,23.26202195624445]]]]},"properties":{"ID":788,"ENTIDAD":25,"MUNICIPIO":12,"NOMBRE":"LAS TORRES","CLASIFICAC":2,"CP":82165,"OTROS_CP":"","CONTROL":2106,"Geometry1_":"1=X_8C"}},
{"type":"Feature","geometry":{"type":"Polygon","coordinates":[[[-106.41331571585762,23.27145744702331],[-106.41334034483504,23.27162011894667],[-106.4135026042704,23.27232271935214],[-106.41346057921236,23.27279155288923],[-106.4148352815785,23.27305055246205],[-106.41494337695872,23.273405034385885],[-106.41552205053357,23.270954093418403],[-106.41552205057587,23.27095409323919],[-106.4155055861826,23.270950554605022],[-106.4141665721707,23.270662758539963],[-106.41375645131804,23.270574695328108],[-106.41364100130885,23.270549905104627],[-106.41364100129361,23.270549905154358],[-106.4136123564926,23.27064332227626],[-106.41349443845813,23.271027878138643],[-106.41335644217126,23.27142119190856],[-106.41331571585762,23.27145744702331]]]},"properties":{"ID":796,"ENTIDAD":25,"MUNICIPIO":12,"NOMBRE":"SANTA RITA","CLASIFICAC":2,"CP":82129,"OTROS_CP":"","CONTROL":2105,"Geometry1_":"1=X_8C"}},
{"type":"Feature","geometry":{"type":"Polygon","coordinates":[[[-106.37823567903261,23.29042035634018],[-106.37860668470402,23.290739783547757],[-106.3800973171278,23.290873864865816],[-106.38013099146221,23.2905735256189],[-106.38019396309902,23.29014272123598],[-106.38028739923959,23.289694665164298],[-106.38043680398786,23.28932537309044],[-106.38060470862153,23.288967240428665],[-106.3807846346933,23.2885863570298],[-106.38090287173488,23.28816638824136],[-106.38110234286563,23.28730413147594],[-106.38110298045791,23.28677197416783],[-106.37823567903261,23.29042035634018]]]},"properties":{"ID":810,"ENTIDAD":25,"MUNICIPIO":12,"NOMBRE":"PASEO DEL ESTADIO","CLASIFICAC":2,"CP":82134,"OTROS_CP":"82134","CONTROL":2353,"Geometry1_":"1=X_89N"}},
{"type":"Feature","geometry":{"type":"Polygon","coordinates":[[[-106.39048611452361,23.26710712726068],[-106.39037163271618,23.26717572042617],[-106.38994760605725,23.26723250814311],[-106.38936965571297,23.26732586565914],[-106.38875464826505,23.26742407894485],[-106.38794630324202,23.26751668793],[-106.38794630320527,23.267516687934215],[-106.38794630310349,23.267516687808712],[-106.38780199571977,23.267338758231748],[-106.38758564474496,23.267466230716447],[-106.3871748214689,23.267801641836787],[-106.38706005096661,23.267895344185565],[-106.38716707397174,23.268135845533962],[-106.38718873021392,23.268612482516787],[-106.38717466953473,23.26908213971353],[-106.38717460654483,23.26946364217731],[-106.38719068810018,23.269579030558972],[-106.38722601829208,23.26988634966244],[-106.38839527285661,23.269679617556307],[-106.38946906781925,23.269473286162416],[-106.38975699182122,23.269461232517756],[-106.38970212847384,23.269130965028882],[-106.39091065736667,23.268901222244008],[-106.3919270126275,23.26873051494428],[-106.39201137179528,23.268782976998132],[-106.39190886429806,23.268343585487862],[-106.39190886429806,23.268343585487823],[-106.39182316340569,23.267878447550665],[-106.39182316340568,23.26787844755064],[-106.39170716800922,23.26739073967905],[-106.39170716800922,23.267390739679037],[-106.39165062840256,23.267073152000673],[-106.39151131031979,23.267082873105732],[-106.39060301514994,23.26727153260247],[-106.39048611452361,23.26710712726068]],[[-106.38832245379406,23.2692740907105],[-106.3882379165673,23.268844555570528],[-106.388163901458,23.26842349130363],[-106.3882379165575,23.268844555380227],[-106.38832245379406,23.2692740907105]]]},"properties":{"ID":873,"ENTIDAD":25,"MUNICIPIO":12,"NOMBRE":"COLINAS DEL REAL","CLASIFICAC":2,"CP":82036,"OTROS_CP":"","CONTROL":1165,"Geometry1_":"1=X_8D?"}},
{"type":"Feature","geometry":{"type":"Polygon","coordinates":[[[-106.6077533468912,23.4847245129689],[-106.60765121259166,23.483851320149114],[-106.60652363268657,23.48171763088677],[-106.60373409166041,23.47925777823491],[-106.60203080226115,23.479866894233773],[-106.59856798087364,23.481716411885802],[-106.59856798087363,23.481716411885802],[-106.5994851710902,23.482762355265397],[-106.60030395943454,23.48341181394535],[-106.60011429825477,23.48347978460626],[-106.59960176754761,23.48373036007376],[-106.59960176754761,23.483730360073775],[-106.59897774868516,23.48403543845315],[-106.59778076227123,23.48462062591145],[-106.59778076227123,23.484620625911464],[-106.59650619295512,23.485243726973906],[-106.59920771800724,23.488065627333125],[-106.60155976770453,23.488369422184732],[-106.60340676841368,23.48725216980446],[-106.60350784927063,23.486895441890855],[-106.60350784927064,23.486895441890837],[-106.60332652477084,23.48680341369037],[-106.6032070164627,23.486461039107503],[-106.60379511408077,23.486054827964285],[-106.60398303685196,23.485969634995215],[-106.60445433712852,23.485755974130488],[-106.60579212837818,23.485149484040633],[-106.60656575678586,23.484798750591708],[-106.6077533468912,23.4847245129689]]]},"properties":{"ID":878,"ENTIDAD":25,"MUNICIPIO":12,"NOMBRE":"MARMOL","CLASIFICAC":5,"CP":82220,"OTROS_CP":"","CONTROL":1191,"Geometry1_":"1=X_6w"}},
{"type":"Feature","geometry":{"type":"Polygon","coordinates":[[[-106.30962753212685,23.505389265950996],[-106.30996260889444,23.503149942391214],[-106.30379139493226,23.502785524847408],[-106.3037913949323,23.502785524847447],[-106.30804978045883,23.508392558723386],[-106.30804978045883,23.5083925587234],[-106.30807845449198,23.50843031184147],[-106.30872316707922,23.508173417488635],[-106.31056936294291,23.507551055182297],[-106.31067412265263,23.507521834121544],[-106.31091121454305,23.507455700792107],[-106.31109907495468,23.507403299567034],[-106.31210373438105,23.507364940049207],[-106.31227792175956,23.50739860069465],[-106.31238433092507,23.507419163509617],[-106.31258297497484,23.507457549846546],[-106.31354922153736,23.507644265113946],[-106.3133475695703,23.508124705026002],[-106.3139503909966,23.508363176262694],[-106.31435646119147,23.508458644749027],[-106.31467230145637,23.508466967146674],[-106.31482980633164,23.50872935764425],[-106.3149330969232,23.508931769850626],[-106.31507098561454,23.509018512234814],[-106.31533971507139,23.50908217274724],[-106.31540169783351,23.50872452817039],[-106.31560004074205,23.50829980164945],[-106.31596911907869,23.507565870656997],[-106.31603065329313,23.507443505917976],[-106.31633025610331,23.50692564519998],[-106.31633025610331,23.506925645199935],[-106.31634623477328,23.506650739566528],[-106.31620015254327,23.50633880649046],[-106.31592760387579,23.506190019876172],[-106.31684198537869,23.5058003378762],[-106.31723231844019,23.505679921363175],[-106.31709119754616,23.503570586164148],[-106.31709119754615,23.503570586164106],[-106.31559566300831,23.503482365017994],[-106.31506342143298,23.503450964737738],[-106.31441173707486,23.50508867572584],[-106.31423780568697,23.505660267134324],[-106.31366957245996,23.505534755851876],[-106.31343033640363,23.505486364359825],[-106.31301197311312,23.506741372286257],[-106.31213729881459,23.506510366664788],[-106.31004186926607,23.505902265849183],[-106.3099433746417,23.505744176005173],[-106.30981257261503,23.50558635778989],[-106.30962753212685,23.505389265950996]]]},"properties":{"ID":879,"ENTIDAD":25,"MUNICIPIO":12,"NOMBRE":"LA NORIA","CLASIFICAC":5,"CP":82300,"OTROS_CP":"","CONTROL":1192,"Geometry1_":"1=X_7k"}},
{"type":"Feature","geometry":{"type":"Polygon","coordinates":[[[-106.24261904545034,23.334642978842165],[-106.24204935025867,23.33449314950418],[-106.2414435939347,23.33433383344179],[-106.23922098485261,23.332602102936374],[-106.23682024410763,23.33411563727429],[-106.23714538738625,23.33872135953748],[-106.23714538738624,23.338721359537512],[-106.23745726525793,23.343138766589455],[-106.23753482428353,23.344237242864548],[-106.23753482428353,23.344237242864587],[-106.23910844544973,23.35027566149446],[-106.2403899081778,23.35159028150051],[-106.24193556965427,23.351212794649207],[-106.24278228289769,23.35100600007969],[-106.2431760469793,23.350909828483392],[-106.24329031874332,23.347548377600464],[-106.24329031874332,23.34754837760043],[-106.24303063169423,23.342556270518614],[-106.24303063169423,23.342556270518582],[-106.24261904545034,23.3346429788422],[-106.24261904545034,23.334642978842165]]]},"properties":{"ID":882,"ENTIDAD":25,"MUNICIPIO":12,"NOMBRE":"SIQUEROS","CLASIFICAC":5,"CP":82240,"OTROS_CP":"","CONTROL":1194,"Geometry1_":"1=X_9.-"}},
{"type":"Feature","geometry":{"type":"Polygon","coordinates":[[[-106.3163925299101,23.507880214590653],[-106.31645429873072,23.5077923857139],[-106.3165914539854,23.507577305463677],[-106.3167430912054,23.507526917605517],[-106.3167844026353,23.5074739548984],[-106.31680669838553,23.507421152964508],[-106.31683667011411,23.507375301246874],[-106.31690703681049,23.50731298951409],[-106.3169577329043,23.50730164392595],[-106.31669517859312,23.506944984261434],[-106.31653360988533,23.50699867241631],[-106.31633025610331,23.50692564519998],[-106.31603065329313,23.507443505917976],[-106.31596911907869,23.507565870656997],[-106.3163925299101,23.507880214590653]]]},"properties":{"ID":892,"ENTIDAD":25,"MUNICIPIO":12,"NOMBRE":"LA CRUZ","CLASIFICAC":1,"CP":82300,"OTROS_CP":"","CONTROL":1606,"Geometry1_":"1=X_7lo"}},
{"type":"Feature","geometry":{"type":"Polygon","coordinates":[[[-106.3163925299101,23.507880214590653],[-106.31634259693442,23.508314194883294],[-106.31641225127888,23.508651587048615],[-106.31672602491096,23.50841722152249],[-106.31675420548841,23.508267294822883],[-106.31680959622733,23.508188590567162],[-106.31689944897307,23.50805671415291],[-106.31696276637201,23.507943044929238],[-106.31698033622291,23.50777338485856],[-106.3170232081493,23.507731200075796],[-106.31707001915147,23.507713045354365],[-106.31710907272267,23.50765831855376],[-106.31714048964743,23.507578507755944],[-106.3171445981043,23.507531000831644],[-106.31717410104909,23.507500785437355],[-106.3169577329043,23.50730164392595],[-106.31690703681049,23.50731298951409],[-106.31683667011411,23.507375301246874],[-106.31680669838553,23.507421152964508],[-106.3167844026353,23.5074739548984],[-106.3167430912054,23.507526917605517],[-106.3165914539854,23.507577305463677],[-106.31645429873072,23.5077923857139],[-106.3163925299101,23.507880214590653]]]},"properties":{"ID":893,"ENTIDAD":25,"MUNICIPIO":12,"NOMBRE":"EL COCHI","CLASIFICAC":1,"CP":82300,"OTROS_CP":"","CONTROL":1607,"Geometry1_":"1=X_7lof"}},
{"type":"Feature","geometry":{"type":"Polygon","coordinates":[[[-106.31672602491096,23.50841722152249],[-106.31679202082394,23.508481571081443],[-106.31683242410108,23.5085209663998],[-106.31753796438612,23.508559846600217],[-106.31792251798838,23.508500392333715],[-106.31792251798839,23.508500392333676],[-106.31773897550926,23.507978615893983],[-106.31744432827539,23.507697015491345],[-106.31717410104909,23.507500785437355],[-106.3171445981043,23.507531000831644],[-106.31714048964743,23.507578507755944],[-106.31710907272267,23.50765831855376],[-106.31707001915147,23.507713045354365],[-106.3170232081493,23.507731200075796],[-106.31698033622291,23.50777338485856],[-106.31696276637201,23.507943044929238],[-106.31689944897307,23.50805671415291],[-106.31680959622733,23.508188590567162],[-106.31675420548841,23.508267294822883],[-106.31672602491096,23.50841722152249]]]},"properties":{"ID":894,"ENTIDAD":25,"MUNICIPIO":12,"NOMBRE":"TIERRA BLANCA","CLASIFICAC":1,"CP":82300,"OTROS_CP":"","CONTROL":1608,"Geometry1_":"1=X_7lof"}},
{"type":"Feature","geometry":{"type":"Polygon","coordinates":[[[-106.31504486851128,23.50970958520214],[-106.31504486851128,23.50970958520216],[-106.31561486407786,23.509973856751763],[-106.31573249720152,23.50983568074362],[-106.31590246097458,23.509636034667377],[-106.31568487806456,23.509453674492505],[-106.31546567305469,23.509230409517713],[-106.31533971507139,23.50908217274724],[-106.31507098561454,23.509018512234814],[-106.3149330969232,23.508931769850626],[-106.31482980633164,23.50872935764425],[-106.31467230145637,23.508466967146674],[-106.31435646119147,23.508458644749027],[-106.3139503909966,23.508363176262694],[-106.3133475695703,23.508124705026002],[-106.31317180063161,23.508535279653493],[-106.31310228197195,23.508779109975286],[-106.313624125077,23.50896529481139],[-106.31404077534211,23.509113946950848],[-106.31409048408653,23.5092904322745],[-106.3143069338422,23.509354944938927],[-106.31489656164857,23.509571098440098],[-106.31504486851128,23.50970958520214]]]},"properties":{"ID":895,"ENTIDAD":25,"MUNICIPIO":12,"NOMBRE":"EL BRAVITO","CLASIFICAC":1,"CP":82300,"OTROS_CP":"","CONTROL":1610,"Geometry1_":"1=X_7lop"}},
{"type":"Feature","geometry":{"type":"Polygon","coordinates":[[[-106.31263087842335,23.509849545410816],[-106.31326900720799,23.50999963484501],[-106.31496254519236,23.510397944563465],[-106.31496254519236,23.510397944563437],[-106.3148611338205,23.509980222656342],[-106.31504486851128,23.50970958520216],[-106.31504486851128,23.50970958520214],[-106.31489656164857,23.509571098440098],[-106.3143069338422,23.509354944938927],[-106.31409048408653,23.5092904322745],[-106.31404077534211,23.509113946950848],[-106.313624125077,23.50896529481139],[-106.31310228197195,23.508779109975286],[-106.31263087842335,23.50984954541078],[-106.31263087842335,23.509849545410816]]]},"properties":{"ID":896,"ENTIDAD":25,"MUNICIPIO":12,"NOMBRE":"LAS TOCHES","CLASIFICAC":1,"CP":82300,"OTROS_CP":"","CONTROL":1611,"Geometry1_":"1=X_7lop"}},
{"type":"Feature","geometry":{"type":"Polygon","coordinates":[[[-106.31263087842335,23.509849545410816],[-106.31263087842335,23.50984954541078],[-106.31310228197195,23.508779109975286],[-106.31280125756827,23.508648969234457],[-106.31254862540251,23.508562646251292],[-106.31241369979912,23.50850047687127],[-106.31178517199858,23.508338819880468],[-106.3115135160191,23.508328741011514],[-106.31122213114534,23.50842065869023],[-106.31099419767855,23.508709492561838],[-106.31054192351908,23.509254220503053],[-106.31054192351908,23.50925422050307],[-106.31263087842335,23.509849545410816]]]},"properties":{"ID":897,"ENTIDAD":25,"MUNICIPIO":12,"NOMBRE":"LA SANGRE","CLASIFICAC":1,"CP":82300,"OTROS_CP":"","CONTROL":1612,"Geometry1_":"1=X_7lN"}},
{"type":"Feature","geometry":{"type":"Polygon","coordinates":[[[-106.31067412265263,23.507521834121544],[-106.31067412265263,23.50752183412157],[-106.3106907508754,23.50819511116463],[-106.31100091076067,23.50848322735614],[-106.31122213114534,23.50842065869023],[-106.3115135160191,23.508328741011514],[-106.31178517199858,23.508338819880468],[-106.31241369979912,23.50850047687127],[-106.31254862540251,23.508562646251292],[-106.31280125756827,23.508648969234457],[-106.31310228197195,23.508779109975286],[-106.31317180063161,23.508535279653493],[-106.3133475695703,23.508124705026002],[-106.31354922153736,23.507644265113946],[-106.31258297497484,23.507457549846546],[-106.31238433092507,23.507419163509617],[-106.31227792175956,23.50739860069465],[-106.31210373438105,23.507364940049207],[-106.31109907495468,23.507403299567034],[-106.31091121454305,23.507455700792107],[-106.31067412265263,23.507521834121544]]]},"properties":{"ID":898,"ENTIDAD":25,"MUNICIPIO":12,"NOMBRE":"LOS BRASILES","CLASIFICAC":1,"CP":82300,"OTROS_CP":"","CONTROL":1613,"Geometry1_":"1=X_7lN"}},
{"type":"Feature","geometry":{"type":"Polygon","coordinates":[[[-106.37473420684945,23.25716570206101],[-106.37490157726764,23.257220150340125],[-106.37495876367919,23.25723875394424],[-106.37529107919046,23.25734686067957],[-106.3760388380058,23.257590113478503],[-106.37645153081885,23.257650093250476],[-106.37699883028029,23.257650964303448],[-106.37706265995602,23.25765106576713],[-106.37762195251258,23.257567130426203],[-106.37802438191119,23.257506734898612],[-106.37824861725895,23.2574730817899],[-106.37845535442607,23.257442054501354],[-106.37867481264347,23.257409117715618],[-106.37911692969347,23.257342762815323],[-106.37962025734194,23.257267219571773],[-106.37976693906151,23.257297194540932],[-106.37980369142608,23.25730507072899],[-106.37986872707287,23.257318626056097],[-106.37990842859202,23.257326806181982],[-106.38031196224426,23.257409949874845],[-106.38056107893898,23.25776915410742],[-106.38059628635968,23.25788637604526],[-106.3807041749527,23.25824558606706],[-106.38080388425286,23.258492758355263],[-106.38107540243448,23.258010433582147],[-106.3811912581365,23.257804626424555],[-106.381369510773,23.257487975432607],[-106.3814034639979,23.25742051574079],[-106.38143741719011,23.257353056042653],[-106.38150521526819,23.257228651342913],[-106.38124876635236,23.25717603378333],[-106.38117756558302,23.257182646501263],[-106.38108196389864,23.25706274514487],[-106.38093739360839,23.256943612618606],[-106.38074845875032,23.256945274173624],[-106.38049758975255,23.25686812573971],[-106.37982864427954,23.256977806641164],[-106.37973489923183,23.256486377321778],[-106.37967289041615,23.25615032578817],[-106.37929638782367,23.25619528809145],[-106.37884117598668,23.256254473518897],[-106.37879628019178,23.255862746819613],[-106.37817165936104,23.255955368360485],[-106.37772893132184,23.256005727177484],[-106.37756886159106,23.256030368387],[-106.37748384788966,23.25602732889476],[-106.37706814525843,23.256076417982925],[-106.37661137631602,23.25615785433678],[-106.37613521248036,23.256222040879635],[-106.37606356148096,23.256217471036923],[-106.37606356148096,23.256217471036884],[-106.37604299228421,23.256157359482096],[-106.37594079836263,23.256009147871975],[-106.3756772864899,23.255648791005992],[-106.37532561068772,23.255412245604365],[-106.37530390157652,23.25547355738091],[-106.37513913533805,23.255878247373396],[-106.37501023662192,23.256286791625097],[-106.37486647259709,23.256692831711526],[-106.37473420684945,23.25716570206101]]]},"properties":{"ID":901,"ENTIDAD":25,"MUNICIPIO":12,"NOMBRE":"SAN FERNANDO","CLASIFICAC":2,"CP":82198,"OTROS_CP":"","CONTROL":1616,"Geometry1_":"1=X_8D"}},
{"type":"Feature","geometry":{"type":"MultiPolygon","coordinates":[[[[-106.48118608032927,23.32850276698147],[-106.47875071591824,23.324127184273124],[-106.47961172604363,23.32567451601322],[-106.48118608032927,23.32850276698147]]],[[[-106.47793950897415,23.321367014065267],[-106.47794956209482,23.319455410884576],[-106.47793238291219,23.32120557612632],[-106.47793950897415,23.321367014065267]]],[[[-106.47740877429823,23.31423131722052],[-106.47740877429823,23.314231317220486],[-106.47686745338508,23.31346945026373],[-106.47740877429823,23.31423131722052]]],[[[-106.47686745338508,23.31346945026373],[-106.47436297301145,23.310874845940816],[-106.47426510791863,23.31077958480908],[-106.47426338421988,23.310781115627655],[-106.47686745338508,23.31346945026373]]]]},"properties":{"ID":938,"ENTIDAD":25,"MUNICIPIO":12,"NOMBRE":"SIN NOMBRE","CLASIFICAC":1,"CP":82100,"OTROS_CP":"","CONTROL":1584,"Geometry1_":"1=X_8>"}},
{"type":"Feature","geometry":{"type":"Polygon","coordinates":[[[-106.41794329244624,23.25907669685263],[-106.41805058274545,23.258590865727253],[-106.41757288493328,23.258663829097365],[-106.41714004595468,23.258729939434108],[-106.41703093964624,23.258746603759327],[-106.41669793384656,23.258807910764148],[-106.41671643301586,23.258862105673884],[-106.41674016122387,23.258982573143687],[-106.416778964205,23.25899085460788],[-106.41706936877272,23.25905590052982],[-106.4172644700427,23.25909959971425],[-106.41736207361028,23.259122618461102],[-106.41741035059782,23.258980587787025],[-106.41743917163508,23.258986615039046],[-106.4174906660291,23.25899584831537],[-106.41763161478853,23.25902396049943],[-106.41790107039479,23.25907677933882],[-106.41794329244624,23.25907669685263]]]},"properties":{"ID":997,"ENTIDAD":25,"MUNICIPIO":12,"NOMBRE":"PORTAL DE LOS OLIVOS","CLASIFICAC":2,"CP":82195,"OTROS_CP":"","CONTROL":2015,"Geometry1_":"1=X_8dD>"}},
{"type":"Feature","geometry":{"type":"Polygon","coordinates":[[[-106.40356743989426,23.28768680114941],[-106.40356743981532,23.287686800758035],[-106.40326497398063,23.286187329996494],[-106.40341962862809,23.286189358448727],[-106.40436909455111,23.28620180830883],[-106.40446464559467,23.28614973858165],[-106.40439058494299,23.28534377727504],[-106.40434611588131,23.285332652182536],[-106.40432064066236,23.285106257184985],[-106.40430947252443,23.285048061358744],[-106.40413703827085,23.28503635015109],[-106.4041370382708,23.28503635015109],[-106.40413703751824,23.28503635020681],[-106.40280746162428,23.285134789412755],[-106.40172770559893,23.285217833072217],[-106.40064660848616,23.285319202274874],[-106.4002751251026,23.285356617426686],[-106.40019714243088,23.28537305629741],[-106.40001463504592,23.285445894103102],[-106.3999187059531,23.285968110385],[-106.39981956713257,23.28645719110464],[-106.39971306421639,23.286932278304512],[-106.39983351156884,23.286896490211753],[-106.40051543252343,23.28699649357352],[-106.40076453588387,23.28701306971123],[-106.40089938452287,23.28702204280534],[-106.40124763083176,23.287072894487608],[-106.40149085471107,23.287188924536725],[-106.40179578231238,23.287353225745786],[-106.40186471285534,23.2875291688629],[-106.40207263531202,23.288023994379234],[-106.401987690491,23.288186987921474],[-106.40203408299048,23.288252543194886],[-106.40211573932359,23.288239539025806],[-106.40211578976674,23.28823951841751],[-106.40334909767945,23.287735649966393],[-106.40334909767947,23.287735649966375],[-106.40356743989426,23.28768680114941]],[[-106.40280746177434,23.28513479017651],[-106.4029036667819,23.28562441826866],[-106.40280746166617,23.285134790184504],[-106.40280746177434,23.28513479017651]]]},"properties":{"ID":1240,"ENTIDAD":25,"MUNICIPIO":12,"NOMBRE":"CATALINA","CLASIFICAC":1,"CP":82129,"OTROS_CP":"","CONTROL":2218,"Geometry1_":"1=X_89M"}},
{"type":"Feature","geometry":{"type":"Polygon","coordinates":[[[-106.40446857033801,23.26474456998724],[-106.404469294366,23.264750313962068],[-106.40448120621792,23.26477888695638],[-106.40448723694696,23.26479335271187],[-106.40449315378346,23.26480754527275],[-106.40452621972995,23.26504172671293],[-106.40575851837407,23.26477038912697],[-106.40580680381152,23.26474833004593],[-106.40586550319681,23.264740097346802],[-106.40661997390217,23.26464773315609],[-106.40660820625561,23.26450755379806],[-106.40660820625457,23.26450755365862],[-106.40660785763372,23.264460166757893],[-106.40660858043091,23.26441972601238],[-106.4065979498875,23.26400069403917],[-106.4066249755335,23.263952772413937],[-106.40662026938219,23.263853880580164],[-106.40662364210459,23.263752337148446],[-106.40663939516513,23.263580602907528],[-106.40643438552144,23.263624959354125],[-106.40634899486052,23.26363577979105],[-106.40633459846525,23.26363657922737],[-106.40602509925009,23.263684471746306],[-106.40592793056696,23.263697997286272],[-106.40561531564502,23.26373518069337],[-106.4055159792882,23.263756370854324],[-106.40428501281725,23.26393756845111],[-106.40432560893787,23.2641126830791],[-106.40446133423914,23.264698139651333],[-106.40446436673626,23.264711220050273],[-106.40446857033801,23.26474456998724]]]},"properties":{"ID":1262,"ENTIDAD":25,"MUNICIPIO":12,"NOMBRE":"LAS BRISAS","CLASIFICAC":2,"CP":82133,"OTROS_CP":"","CONTROL":190,"Geometry1_":"1=X_8D("}},
{"type":"Feature","geometry":{"type":"MultiPolygon","coordinates":[[[[-106.40809153476025,23.271095080464562],[-106.40813936477464,23.270720016024164],[-106.40814582577606,23.270656919131426],[-106.40818046775753,23.27031861148577],[-106.40820513994319,23.26994902292831],[-106.40820583877827,23.269926405519676],[-106.40821617749056,23.269591798761837],[-106.40821617749633,23.269591798575533],[-106.40775665077399,23.26947470476395],[-106.40739484442116,23.269406251482483],[-106.40720434174143,23.26939570272059],[-106.40720434172937,23.269395702909783],[-106.40718533758466,23.269805236023053],[-106.40716650846977,23.270008803993825],[-106.40714768497594,23.27021231075973],[-106.40714768500192,23.270212310783982],[-106.40767025096541,23.270700217813708],[-106.40809153476025,23.271095080464562]]],[[[-106.40718871911912,23.26973236471259],[-106.407204341719,23.26939570271935],[-106.40720434171877,23.269395702719333],[-106.40718871911912,23.26973236471259]]],[[[-106.40714768494995,23.270212310735403],[-106.40714768495,23.27021231073546],[-106.40716954185937,23.269976008710298],[-106.40714768494995,23.270212310735403]]]]},"properties":{"ID":1330,"ENTIDAD":25,"MUNICIPIO":12,"NOMBRE":"BAHIA TORTUGA","CLASIFICAC":2,"CP":82132,"OTROS_CP":"","CONTROL":1218,"Geometry1_":"1=X_8D,>"}},
{"type":"Feature","geometry":{"type":"Polygon","coordinates":[[[-106.40773657729312,23.2779293409646],[-106.4077365773619,23.277929340587203],[-106.40782450367462,23.27744693242127],[-106.4078245036477,23.277446932318757],[-106.40782450359384,23.277446932113744],[-106.40776746056204,23.277229759085536],[-106.40771752187499,23.277056978804232],[-106.40771752187615,23.27705697865348],[-106.40771752187848,23.27705697835191],[-106.40771963144188,23.27678408694669],[-106.40774741816892,23.276270284648234],[-106.40776664664065,23.275855451903137],[-106.40777852779168,23.2754832940271],[-106.4077785277939,23.275483293836015],[-106.40777852779611,23.27548329364491],[-106.40777852779831,23.275483293453846],[-106.40778266652585,23.275125795842524],[-106.40778266650038,23.27512579581945],[-106.40778266648765,23.275125795807902],[-106.40769496983135,23.275046336198297],[-106.40674724933824,23.275032949586972],[-106.40672693318719,23.27535411725289],[-106.40671244411573,23.275478264278288],[-106.40669440167667,23.275809858059382],[-106.40663576760296,23.276276152582803],[-106.40657306257116,23.27674441246762],[-106.40653266972627,23.277157754596992],[-106.40645071808169,23.27762537679281],[-106.40645071805018,23.277625376972527],[-106.40645071801869,23.277625377152262],[-106.40737719810477,23.277889735090195],[-106.40737720118882,23.277889735430094],[-106.40773653668454,23.27792933648932],[-106.4077365772906,23.27792934096432],[-106.40773657729312,23.2779293409646]]]},"properties":{"ID":1331,"ENTIDAD":25,"MUNICIPIO":12,"NOMBRE":"SALINAS DE GORTARI","CLASIFICAC":1,"CP":82134,"OTROS_CP":"","CONTROL":1220,"Geometry1_":"1=X_8D)"}},
{"type":"Feature","geometry":{"type":"Polygon","coordinates":[[[-106.41305502485233,23.274888734446037],[-106.41247578765615,23.27454062354216],[-106.41186581137863,23.274191370406903],[-106.411806130004,23.274223899674958],[-106.4114678074555,23.274137031679487],[-106.41147673530128,23.274086580162],[-106.41116429193502,23.27397741867876],[-106.41041442728124,23.273698868995158],[-106.4103413180523,23.273671399792352],[-106.41016205188886,23.27360298529858],[-106.41008805951665,23.273574873648553],[-106.40975061266971,23.27344666810352],[-106.40968084101723,23.2734252614319],[-106.40940231487973,23.27332056747865],[-106.40936340983937,23.27333715990606],[-106.40928623234785,23.273273019585883],[-106.40895798649707,23.273163917979378],[-106.4089145756727,23.273131363390803],[-106.40851772274817,23.272937957414637],[-106.40824804438014,23.27282365561312],[-106.40786092894413,23.27280524353091],[-106.40786092892503,23.272805243529998],[-106.40785778683605,23.273257569491733],[-106.40783870012181,23.273695448222135],[-106.40781853995969,23.274031204818478],[-106.40781976670839,23.27414791580593],[-106.40782229690264,23.274388632211874],[-106.4078166247078,23.274600241700064],[-106.40780267340737,23.2747754498375],[-106.40778266649389,23.27512579526846],[-106.4077826664918,23.275125795448265],[-106.40778266648765,23.275125795807902],[-106.40777852775972,23.27548329345287],[-106.40777852777258,23.275483293453192],[-106.40777852779831,23.275483293453846],[-106.40926347094467,23.275521030442707],[-106.41032188873368,23.275547997079574],[-106.41042045207665,23.27555101257413],[-106.41144171900197,23.275582254048366],[-106.41144308510181,23.27558229583412],[-106.41289698679273,23.27562696381974],[-106.41295638207617,23.275268968518443],[-106.41305502481086,23.27488873460587],[-106.41305502485233,23.274888734446037]]]},"properties":{"ID":1332,"ENTIDAD":25,"MUNICIPIO":12,"NOMBRE":"HOGAR DEL PESCADOR","CLASIFICAC":2,"CP":82134,"OTROS_CP":"","CONTROL":1221,"Geometry1_":"1=X_8D)"}},
{"type":"Feature","geometry":{"type":"Polygon","coordinates":[[[-106.380501025999,23.26722662807506],[-106.38102856244693,23.267456880397805],[-106.38232125625304,23.267523783889118],[-106.38232125625362,23.26752378388915],[-106.3829472157862,23.267514939381737],[-106.38398616601184,23.26754282829651],[-106.38494542717491,23.26760087673463],[-106.38529616249052,23.267584412536657],[-106.38488719930784,23.267190805774003],[-106.38400336835004,23.26714793545184],[-106.38401847893397,23.266754523127727],[-106.38403603908073,23.26644344707706],[-106.38408141295447,23.266295634258245],[-106.38346644890136,23.266268545440322],[-106.38303893087358,23.26623775968864],[-106.3833291586619,23.265582169544867],[-106.38328625502488,23.265558069613526],[-106.38324918329843,23.26553724557974],[-106.38266848901593,23.265473893164017],[-106.38212665576883,23.26553101325429],[-106.3820650800119,23.2653867275613],[-106.38160994760709,23.26532443936493],[-106.3811709237008,23.265255655235507],[-106.38068523747549,23.265189370311862],[-106.38027366274262,23.265236830551085],[-106.3800590988006,23.265288399269007],[-106.3798531551225,23.265306770446696],[-106.3796858536648,23.265302620131266],[-106.37938722908447,23.265225530570273],[-106.379364993311,23.26537236672349],[-106.37952555593161,23.265610004124554],[-106.37952555593162,23.26561000412459],[-106.3797893922909,23.26607740528026],[-106.37985883469966,23.26618357540076],[-106.37987029960793,23.26620110401632],[-106.3798816918005,23.26621852145167],[-106.37996509700476,23.266346038853133],[-106.38008330771319,23.26652676953004],[-106.38018047344434,23.266683234197636],[-106.3803520202711,23.266959472641137],[-106.3803520202711,23.266959472641172],[-106.380501025999,23.26722662807506]]]},"properties":{"ID":1333,"ENTIDAD":25,"MUNICIPIO":12,"NOMBRE":"VILLA DE LAS FLORES","CLASIFICAC":2,"CP":82139,"OTROS_CP":"","CONTROL":1231,"Geometry1_":"1=X_8D@"}},
{"type":"Feature","geometry":{"type":"Polygon","coordinates":[[[-106.4005104655511,23.284161405785348],[-106.39948599992057,23.283583390011188],[-106.39879354718478,23.283233078541254],[-106.39879354718478,23.283233078541237],[-106.39770116632062,23.28248982644069],[-106.39770116590653,23.28248982634456],[-106.39750139680422,23.282443450746314],[-106.39750139648996,23.282443450673362],[-106.39755278187374,23.282388865106164],[-106.39796208414063,23.281954070157045],[-106.39796210541554,23.28195404755694],[-106.39802633158214,23.281886434331355],[-106.39814112083468,23.28175361136679],[-106.39837059672377,23.281488083168703],[-106.3984247308673,23.281425443462346],[-106.3984247363285,23.281425437143074],[-106.39862408959947,23.281243943627885],[-106.39862408999149,23.281243943270994],[-106.39823864566996,23.281217977027417],[-106.39823864566452,23.281217977027044],[-106.39669207338817,23.28120237609516],[-106.39658058183149,23.28112890182],[-106.3951032393681,23.28029964634586],[-106.39471370090048,23.280815670339276],[-106.39471370111626,23.280815670464783],[-106.39479652144017,23.280863842255272],[-106.39518836450108,23.281091753597895],[-106.3954459368552,23.281241566830076],[-106.39564001609916,23.28135444969797],[-106.39621403039449,23.28168831268691],[-106.39621403030368,23.281688312820545],[-106.39585338301977,23.282219002805505],[-106.39558438737728,23.282611273159112],[-106.39530141772302,23.283017287643744],[-106.39505199121298,23.283413920212748],[-106.3947922995232,23.283826838135848],[-106.39368786326605,23.283211823390168],[-106.3932704741689,23.282941126692762],[-106.39297475972768,23.282777543831706],[-106.39248628238644,23.28252119038188],[-106.3915757326927,23.282023532536694],[-106.3915757325639,23.28202353246629],[-106.39157573250675,23.282023532609262],[-106.3913837292692,23.282503888079123],[-106.39237155929828,23.28301513521603],[-106.3926894497504,23.283144511451766],[-106.39297660340343,23.28334551400576],[-106.39314469317331,23.28343938633199],[-106.39331771750275,23.283535476445895],[-106.39365495134027,23.283726274049336],[-106.39385214668617,23.283837841131948],[-106.39417290697455,23.284023941660227],[-106.39449705164492,23.28421200453142],[-106.39468789184107,23.284321243515183],[-106.39570944831839,23.28492627575806],[-106.39580459931412,23.28499612562762],[-106.39619467060287,23.285230833685063],[-106.3967050597285,23.285537934862063],[-106.39694912643422,23.285676409495487],[-106.39711673554262,23.285771504452676],[-106.39751763729681,23.28597000084199],[-106.398106070019,23.286341765389416],[-106.39851060908823,23.2860201715553],[-106.39873690872362,23.28593492923887],[-106.39910025734294,23.285792830339066],[-106.39967467157257,23.285583493306564],[-106.39988015242409,23.285508608096432],[-106.40001463504592,23.285445894103102],[-106.40019714243088,23.28537305629741],[-106.4002751251026,23.285356617426686],[-106.40037152767715,23.284910841125583],[-106.40043189053775,23.284583746286618],[-106.40043189053775,23.28458374628659],[-106.40051046548813,23.284161406123793],[-106.4005104655511,23.28416140578537],[-106.4005104655511,23.284161405785348]]]},"properties":{"ID":1334,"ENTIDAD":25,"MUNICIPIO":12,"NOMBRE":"COLOSIO SI","CLASIFICAC":1,"CP":82129,"OTROS_CP":"","CONTROL":1222,"Geometry1_":"1=X_8>"}},
{"type":"Feature","geometry":{"type":"Polygon","coordinates":[[[-106.38796916523047,23.25801475018986],[-106.38851003366167,23.257053267251564],[-106.38852908178191,23.25701940580128],[-106.38865190821441,23.256801059343022],[-106.38850317363101,23.25680711552793],[-106.38825607635381,23.256728706136848],[-106.38798418090055,23.25675811117775],[-106.38788756194351,23.256747300972027],[-106.38741633114704,23.25669457646197],[-106.38686375629901,23.25668737540203],[-106.38669035072921,23.256652465661983],[-106.38653196507367,23.256617434881893],[-106.38626011157352,23.25661944854072],[-106.38579394024373,23.256612242003445],[-106.38536206635084,23.256579804872814],[-106.38489712881176,23.256511410007455],[-106.38482280930619,23.256682454092406],[-106.38448456972928,23.256729184477397],[-106.38436160757726,23.25680914901899],[-106.3842291505281,23.257022265481034],[-106.38404563739084,23.25736367384572],[-106.38399847107,23.257457802903676],[-106.38395728289073,23.257436318446537],[-106.38293479140486,23.257623991273665],[-106.38240121925718,23.257658429844177],[-106.38238877247115,23.257696476448395],[-106.38201873084274,23.258034117094322],[-106.38201873084274,23.258034117094343],[-106.38199724756306,23.258082675957656],[-106.38327915434822,23.25867477034564],[-106.383333207832,23.25870185505532],[-106.38338000080242,23.258721350473767],[-106.38348110265268,23.25876804569085],[-106.38475288152519,23.25934458350103],[-106.38481049463917,23.259350938241827],[-106.38636753925026,23.26002599852048],[-106.38680005693313,23.260219375744192],[-106.38740229533447,23.259079531880626],[-106.38744187689225,23.25902133379078],[-106.38796916523047,23.25801475018986]]]},"properties":{"ID":1335,"ENTIDAD":25,"MUNICIPIO":12,"NOMBRE":"BUGAMBILIAS","CLASIFICAC":2,"CP":82139,"OTROS_CP":"","CONTROL":1228,"Geometry1_":"1=X_8D`"}},
{"type":"Feature","geometry":{"type":"Polygon","coordinates":[[[-106.3884932091115,23.261987535182758],[-106.38849320911149,23.261987535182744],[-106.38821118667944,23.261710615893747],[-106.38821118667943,23.261710615893726],[-106.38790031221836,23.261455444447666],[-106.38705038651516,23.260812782223184],[-106.38705038651516,23.260812782223166],[-106.38619170533099,23.260390279863735],[-106.38636753925026,23.26002599852048],[-106.38481049463917,23.259350938241827],[-106.38475288152519,23.25934458350103],[-106.38348110265268,23.25876804569085],[-106.38338000080242,23.258721350473767],[-106.383333207832,23.25870185505532],[-106.38327915434822,23.25867477034564],[-106.38199724756306,23.258082675957656],[-106.38201873084274,23.258034117094343],[-106.38201873084274,23.258034117094322],[-106.38143741719011,23.257353056042653],[-106.3814034639979,23.25742051574079],[-106.381369510773,23.257487975432607],[-106.3811912581365,23.257804626424555],[-106.38107540243448,23.258010433582147],[-106.38080388425286,23.258492758355263],[-106.38076248638595,23.258566297177456],[-106.38071268946526,23.258654755892586],[-106.38033328340009,23.259398946370716],[-106.38097037126734,23.259704410103645],[-106.38166854828268,23.26002918880511],[-106.3824542117327,23.260358922844173],[-106.38295090929176,23.260587326440408],[-106.3839225581923,23.261034126794357],[-106.38392255819232,23.261034126794367],[-106.38411089041567,23.261124487289976],[-106.38427014672365,23.261200897084606],[-106.38541085826814,23.26171699914283],[-106.38581143738304,23.26190152242457],[-106.38626377136715,23.262109884251238],[-106.38675931925418,23.262319188318262],[-106.3869544676336,23.262401612321995],[-106.38710935535752,23.262486283229375],[-106.38736076804365,23.262553554929962],[-106.38751788437129,23.26265364539451],[-106.38765280913508,23.26273959854024],[-106.3881937696715,23.262274969929404],[-106.3884932091115,23.261987535182758]]]},"properties":{"ID":1336,"ENTIDAD":25,"MUNICIPIO":12,"NOMBRE":"VILLA VERDE","CLASIFICAC":2,"CP":82139,"OTROS_CP":"","CONTROL":1229,"Geometry1_":"1=X_8D-"}},
{"type":"Feature","geometry":{"type":"Polygon","coordinates":[[[-106.3914630134819,23.262932647785],[-106.39123008212046,23.262788731237325],[-106.39100090464484,23.26264713336777],[-106.39057869693131,23.262377580110357],[-106.3900465725582,23.262041970090078],[-106.38988989094837,23.261943146685677],[-106.38949837705543,23.261652923511793],[-106.38949837705543,23.26165292351178],[-106.38913360150421,23.261415957937455],[-106.38913360133361,23.261415957826625],[-106.389133601163,23.261415957715794],[-106.3884932091115,23.261987535182758],[-106.3881937696715,23.262274969929404],[-106.38765280913508,23.26273959854024],[-106.38765280913509,23.262739598540257],[-106.38801454164145,23.263083867298],[-106.3883535191347,23.26339819109934],[-106.38869753565943,23.26371691848969],[-106.38889360891156,23.26390567779357],[-106.38925130499779,23.264241591337484],[-106.3892513049978,23.264241591337505],[-106.38943821583588,23.264415592547756],[-106.38969723079173,23.26465671659254],[-106.39001250862898,23.264950215479427],[-106.39029426608423,23.26521250762997],[-106.39032552335858,23.26525193491341],[-106.39035953286275,23.2652948337679],[-106.39076846399237,23.264917514368918],[-106.39106412735245,23.264644704836062],[-106.39136939759409,23.26436302930337],[-106.39136939759409,23.2643630293034],[-106.39136939769466,23.264363029210596],[-106.39136939769467,23.26436302921056],[-106.39135385908133,23.264289301123767],[-106.39135385906917,23.264289301066075],[-106.391336885664,23.264208765026943],[-106.39133688562497,23.264208764841793],[-106.39146301341363,23.26293264847581],[-106.3914630134819,23.262932647785]]]},"properties":{"ID":1337,"ENTIDAD":25,"MUNICIPIO":12,"NOMBRE":"ARBOLEDAS INVIES","CLASIFICAC":2,"CP":82139,"OTROS_CP":"","CONTROL":1230,"Geometry1_":"1=X_8D-"}},
{"type":"Feature","geometry":{"type":"Polygon","coordinates":[[[-106.3833291586619,23.265582169544867],[-106.38391608996719,23.265645796638783],[-106.38402717899952,23.26562974141713],[-106.38409606470667,23.26561978562004],[-106.38450513018776,23.26551005314222],[-106.38457787359582,23.265487969264612],[-106.38465061697818,23.265465885354367],[-106.38499612866589,23.265360992111773],[-106.38513417369418,23.265264794896954],[-106.38542465788284,23.265007593322572],[-106.38549746944318,23.264959354955447],[-106.38585210150755,23.26472440680605],[-106.38588585315867,23.264689590919],[-106.38588585315867,23.264689590918987],[-106.38621463026116,23.264350445737545],[-106.38621463026118,23.264350445737513],[-106.38635091852692,23.264127284883525],[-106.38648511676769,23.263907545469934],[-106.38668662399655,23.26357759120867],[-106.38671192717356,23.263536158865335],[-106.38671192717356,23.26353615886531],[-106.38679413744771,23.2636022019607],[-106.38765280913508,23.262739598540268],[-106.38765280913509,23.262739598540257],[-106.38765280913508,23.26273959854024],[-106.38751788437129,23.26265364539451],[-106.38736076804365,23.262553554929962],[-106.38710935535752,23.262486283229375],[-106.3869544676336,23.262401612321995],[-106.38675931925418,23.262319188318262],[-106.38626377136715,23.262109884251238],[-106.38581143738304,23.26190152242457],[-106.38541085826814,23.26171699914283],[-106.38427014672365,23.261200897084606],[-106.38411089041567,23.261124487289976],[-106.38392255819232,23.261034126794367],[-106.3839225581923,23.261034126794357],[-106.38295090929176,23.260587326440408],[-106.3824542117327,23.260358922844173],[-106.38166854828268,23.26002918880511],[-106.38185990085525,23.26106010774228],[-106.3818739809235,23.26114009900728],[-106.38206446800805,23.26222227744123],[-106.38225581648541,23.263153290526617],[-106.38246079992254,23.264334358801513],[-106.38246079992255,23.264334358801552],[-106.38266848901593,23.265473893164017],[-106.38324918329843,23.26553724557974],[-106.38328625502488,23.265558069613526],[-106.3833291586619,23.265582169544867]]]},"properties":{"ID":1339,"ENTIDAD":25,"MUNICIPIO":12,"NOMBRE":"SAN JOAQUIN","CLASIFICAC":2,"CP":82139,"OTROS_CP":"","CONTROL":1232,"Geometry1_":"1=X_8D-"}},
{"type":"Feature","geometry":{"type":"Polygon","coordinates":[[[-106.379364993311,23.26537236672349],[-106.37938722908447,23.265225530570273],[-106.3796858536648,23.265302620131266],[-106.3798531551225,23.265306770446696],[-106.3800590988006,23.265288399269007],[-106.38027366274262,23.265236830551085],[-106.38068523747549,23.265189370311862],[-106.3811709237008,23.265255655235507],[-106.38160994760709,23.26532443936493],[-106.3820650800119,23.2653867275613],[-106.38212665576883,23.26553101325429],[-106.38266848901593,23.265473893164017],[-106.38246079992255,23.264334358801552],[-106.38246079992254,23.264334358801513],[-106.38225581648541,23.263153290526617],[-106.38206446800805,23.26222227744123],[-106.3818739809235,23.26114009900728],[-106.38185990085525,23.26106010774228],[-106.38166854828268,23.26002918880511],[-106.38097037126734,23.259704410103645],[-106.38033328340009,23.259398946370716],[-106.37981184544608,23.2605276511045],[-106.37976883809228,23.26060873626011],[-106.37970591405121,23.260720240626195],[-106.37970591405121,23.26072024062623],[-106.37970591399228,23.26072024078246],[-106.37942590572413,23.26146252304918],[-106.37942590572413,23.26146252304921],[-106.37931706866411,23.261616939221394],[-106.37897109062129,23.262303359044836],[-106.37844098345586,23.26330752778978],[-106.378280302088,23.263433404751726],[-106.37819072162236,23.263503581460856],[-106.37798771660394,23.263838707272726],[-106.37779078232793,23.26410029827638],[-106.37750133933356,23.26448476790015],[-106.37750133933352,23.26448476790019],[-106.37750133947223,23.264484767917995],[-106.37750133947227,23.26448476791796],[-106.37753874909279,23.264489572078368],[-106.37757880110797,23.264494715565917],[-106.37859892659797,23.26496076164162],[-106.37889493643983,23.265090966432904],[-106.37892166505546,23.26510696763251],[-106.379364993311,23.26537236672349]]]},"properties":{"ID":1340,"ENTIDAD":25,"MUNICIPIO":12,"NOMBRE":"VILLA FLORIDA","CLASIFICAC":2,"CP":82139,"OTROS_CP":"","CONTROL":1233,"Geometry1_":"1=X_8D-"}},
{"type":"Feature","geometry":{"type":"Polygon","coordinates":[[[-106.37970591405121,23.260720240626195],[-106.37976883809228,23.26060873626011],[-106.37981184544608,23.2605276511045],[-106.38033328340009,23.259398946370716],[-106.38071268946526,23.258654755892586],[-106.38076248638595,23.258566297177456],[-106.38080388425286,23.258492758355263],[-106.3807041749527,23.25824558606706],[-106.38059628635968,23.25788637604526],[-106.38056107893898,23.25776915410742],[-106.38031196224426,23.257409949874845],[-106.37990842859202,23.257326806181982],[-106.37986872707287,23.257318626056097],[-106.37980369142608,23.25730507072899],[-106.37976693906151,23.257297194540932],[-106.37962025734194,23.257267219571773],[-106.37911692969347,23.257342762815323],[-106.37867481264347,23.257409117715618],[-106.37845535442607,23.257442054501354],[-106.37824861725895,23.2574730817899],[-106.37844308199695,23.258651531128734],[-106.3786369838216,23.25848937409432],[-106.37898894212171,23.258555467467477],[-106.37855992717813,23.258830308556945],[-106.37844989689962,23.259018498470436],[-106.37846142366223,23.259277365087357],[-106.37847842130213,23.25974979241836],[-106.37837958418004,23.260009577314754],[-106.37837958418002,23.26000957731478],[-106.37837958418004,23.260009577314793],[-106.37837958413007,23.26000957744966],[-106.37837958413006,23.260009577449644],[-106.37835569847837,23.260074052879485],[-106.37835569847836,23.260074052879506],[-106.37835569854579,23.260074052911797],[-106.3783556985458,23.260074052911776],[-106.37958889132612,23.26066458125438],[-106.37958889132614,23.260664581254396],[-106.37963520995855,23.26068640343282],[-106.37970591405121,23.260720240626195]]]},"properties":{"ID":1341,"ENTIDAD":25,"MUNICIPIO":12,"NOMBRE":"LA FORESTA","CLASIFICAC":2,"CP":82013,"OTROS_CP":"","CONTROL":1235,"Geometry1_":"1=X_8D+>"}},
{"type":"Feature","geometry":{"type":"MultiPolygon","coordinates":[[[[-106.37430315307411,23.260874588550767],[-106.37441246931503,23.26085728153874],[-106.37464289790354,23.260786049060048],[-106.37441246931503,23.260857281538712],[-106.37430315307411,23.260874588550767]]],[[[-106.37383116516882,23.260929027469953],[-106.37383116516887,23.26092902746998],[-106.37403503016601,23.260907936600727],[-106.37383116516882,23.260929027469953]]],[[[-106.37622056946866,23.260374538477684],[-106.37652377961433,23.260488160140337],[-106.37675025808657,23.260523929858998],[-106.37652377961433,23.260488160140298],[-106.37622056946866,23.260374538477684]]],[[[-106.3779283860877,23.260709996250476],[-106.37792838626244,23.260709996376036],[-106.3779283864128,23.260709996301816],[-106.3779283860877,23.260709996250476]]],[[[-106.37792838612496,23.2607099964439],[-106.37745037194351,23.26063450292168],[-106.37698117675842,23.260560400685282],[-106.37652377962365,23.260488160329285],[-106.37607154508883,23.260318694601423],[-106.37564818115199,23.26016004594374],[-106.37523695759174,23.26000594520947],[-106.37503177316306,23.26061678547994],[-106.37500840761734,23.260617053234395],[-106.37498504207139,23.26061732098538],[-106.37494357127444,23.260627026049608],[-106.37476844265206,23.26066801080196],[-106.37464289791278,23.260786049249077],[-106.37441246932427,23.260857281727773],[-106.37420091679279,23.26089077477754],[-106.37383116546815,23.260929027629007],[-106.3741652458484,23.261106548177583],[-106.37434557475953,23.261267823929867],[-106.37546982473519,23.26211909753394],[-106.37589688595472,23.26208858466718],[-106.3762383598147,23.262188211947468],[-106.3768476259503,23.26243276536408],[-106.37687617372127,23.2623955293213],[-106.3769174792249,23.26233708971721],[-106.37693733641557,23.262230440448956],[-106.37694681750449,23.262133561740768],[-106.37699790228871,23.26200727945943],[-106.37704938478143,23.261919711895377],[-106.37716262614505,23.26172512746647],[-106.37723515884893,23.261647054746287],[-106.37729711652959,23.261559395214455],[-106.37745305488744,23.261441872449602],[-106.37763044131981,23.26137255910475],[-106.37779705360653,23.261274301459164],[-106.37787946409914,23.261138064451092],[-106.3779198732165,23.260992516490216],[-106.37790780567705,23.260837749541196],[-106.37786490898868,23.26074133048085],[-106.37792838612496,23.2607099964439]]]]},"properties":{"ID":1342,"ENTIDAD":25,"MUNICIPIO":12,"NOMBRE":"RINCONADA DEL VALLE","CLASIFICAC":2,"CP":82198,"OTROS_CP":"","CONTROL":1237,"Geometry1_":"1=X_8D"}},
{"type":"Feature","geometry":{"type":"MultiPolygon","coordinates":[[[[-106.37362354210872,23.2607167032473],[-106.37383116516882,23.260929027469984],[-106.37383116516887,23.26092902746998],[-106.37383116516882,23.260929027469953],[-106.37362354210872,23.2607167032473]]],[[[-106.37449484916657,23.267606647350135],[-106.3746025371396,23.26750525079404],[-106.37473309947387,23.267382315961427],[-106.37490569651177,23.2672198016106],[-106.37493378102208,23.26717629710313],[-106.37501771359246,23.267046280577024],[-106.3759236869295,23.265642856065746],[-106.37611296660674,23.265382886754093],[-106.37628536851274,23.265185379921313],[-106.37672054773974,23.264960318971976],[-106.37728773906046,23.264682197295706],[-106.37750133933352,23.26448476790019],[-106.37750133933356,23.26448476790015],[-106.37779078232793,23.26410029827638],[-106.37798771660394,23.263838707272726],[-106.37819072162236,23.263503581460856],[-106.378280302088,23.263433404751726],[-106.37844098345586,23.26330752778978],[-106.37897109062129,23.262303359044836],[-106.37931706866411,23.261616939221394],[-106.37942590572413,23.26146252304921],[-106.37942590572413,23.26146252304918],[-106.37970591399228,23.26072024078246],[-106.379635209968,23.26068640362179],[-106.37958889133557,23.260664581443415],[-106.37835569848778,23.260074053068433],[-106.37835569854579,23.260074052911797],[-106.37835569847836,23.260074052879506],[-106.37835569847837,23.260074052879485],[-106.37837958413006,23.260009577449644],[-106.37834844810189,23.259981252698708],[-106.37824068377192,23.25988620716251],[-106.37821249718755,23.259863557031263],[-106.37821249722921,23.259863556883428],[-106.37821249717815,23.259863556842404],[-106.37811160421322,23.260221436746114],[-106.3779283864128,23.260709996301816],[-106.37792838626244,23.260709996376036],[-106.37792838642218,23.260709996490842],[-106.37792838612496,23.2607099964439],[-106.37786490898868,23.26074133048085],[-106.37790780567705,23.260837749541196],[-106.3779198732165,23.260992516490216],[-106.37787946409914,23.261138064451092],[-106.37779705360653,23.261274301459164],[-106.37763044131981,23.26137255910475],[-106.37745305488744,23.261441872449602],[-106.37729711652959,23.261559395214455],[-106.37723515884893,23.261647054746287],[-106.37716262614505,23.26172512746647],[-106.37704938478143,23.261919711895377],[-106.37699790228871,23.26200727945943],[-106.37694681750449,23.262133561740768],[-106.37693733641557,23.262230440448956],[-106.3769174792249,23.26233708971721],[-106.37687617372127,23.2623955293213],[-106.3768476259503,23.26243276536408],[-106.3762383598147,23.262188211947468],[-106.37589688595472,23.26208858466718],[-106.37546982473519,23.26211909753394],[-106.37434557475953,23.261267823929867],[-106.3741652458484,23.261106548177583],[-106.37383116546815,23.260929027629007],[-106.37383116517803,23.26092902765902],[-106.37362354211791,23.26071670343634],[-106.3736235419826,23.260716703278018],[-106.37301411232394,23.260865111436747],[-106.37263647044304,23.260950702864797],[-106.37247251434496,23.26098786272158],[-106.37196811644272,23.26110536977053],[-106.37145854686726,23.261237672376534],[-106.37103040963015,23.26141779988591],[-106.37105089245574,23.26144776053859],[-106.37125111413538,23.261770555167764],[-106.37081127624971,23.261956337256372],[-106.37033975834562,23.26216698130415],[-106.36988967646991,23.262392188911583],[-106.36973008193031,23.26248672510955],[-106.36973008193033,23.262486725109564],[-106.37003583632271,23.262984093606413],[-106.37003583632271,23.26298409360643],[-106.37040482231464,23.263552447801615],[-106.37040482231464,23.26355244780165],[-106.37049762141008,23.26369540592898],[-106.3705110563417,23.263716102571834],[-106.3705110563417,23.263716102571866],[-106.37146474825417,23.26546730419922],[-106.37146474825417,23.265467304199237],[-106.37205172734969,23.266571185256662],[-106.37205172734969,23.266571185256687],[-106.37248780528995,23.267335420080755],[-106.37248780528995,23.267335420080773],[-106.37271863053742,23.267728726579076],[-106.37271863053742,23.267728726579104],[-106.37288035959241,23.267688402855107],[-106.37310908432158,23.267695425641527],[-106.37359508211225,23.267702123313274],[-106.37414015894299,23.26769700139757],[-106.37449484916657,23.267606647350135]]],[[[-106.37958889132614,23.260664581254396],[-106.37963520995855,23.260686403432846],[-106.37970591405121,23.26072024062623],[-106.37970591405121,23.260720240626195],[-106.37963520995855,23.26068640343282],[-106.37958889132614,23.260664581254396]]],[[[-106.3783484480925,23.259981252509867],[-106.37837958418002,23.26000957731478],[-106.37837958418004,23.260009577314754],[-106.3783484480925,23.259981252509867]]]]},"properties":{"ID":1345,"ENTIDAD":25,"MUNICIPIO":12,"NOMBRE":"DOÑA CHONITA","CLASIFICAC":2,"CP":82013,"OTROS_CP":"","CONTROL":1238,"Geometry1_":"1=X_8D"}},
{"type":"Feature","geometry":{"type":"Polygon","coordinates":[[[-106.36696032561005,23.264801320584304],[-106.36746529946825,23.265575653775254],[-106.36817523585083,23.26666767808265],[-106.36824274653412,23.26671916280177],[-106.36839479665089,23.266837044601154],[-106.36847268445652,23.26689744344578],[-106.36868715412417,23.267062564401957],[-106.36950550055278,23.26770510852438],[-106.37160092094227,23.26796024800153],[-106.37271863044609,23.267728726598],[-106.3727186304461,23.26772872659802],[-106.37271863053742,23.267728726579104],[-106.37271863053742,23.267728726579076],[-106.37248780528995,23.267335420080773],[-106.37248780528995,23.267335420080755],[-106.37205172734969,23.266571185256687],[-106.37205172734969,23.266571185256662],[-106.37146474825417,23.265467304199237],[-106.37146474825417,23.26546730419922],[-106.3705110563417,23.263716102571866],[-106.3705110563417,23.263716102571834],[-106.37049762141008,23.26369540592898],[-106.37040482231464,23.26355244780165],[-106.37040482231464,23.263552447801615],[-106.37003583632271,23.26298409360643],[-106.37003583632271,23.262984093606413],[-106.36973008193033,23.262486725109564],[-106.36973008193031,23.26248672510955],[-106.36952304342246,23.262149934462418],[-106.36935458296348,23.261878515241786],[-106.36918132794233,23.261555154560984],[-106.36918132787088,23.2615551546064],[-106.36868618024067,23.26186984131904],[-106.36738230017698,23.262698496587433],[-106.36690757224234,23.263000195450115],[-106.36609999002904,23.26351342342387],[-106.36634856735336,23.2638718230707],[-106.36634856735337,23.263871823070726],[-106.36650645921671,23.264093098853344],[-106.36696032561005,23.264801320584304]]]},"properties":{"ID":1347,"ENTIDAD":25,"MUNICIPIO":12,"NOMBRE":"GENARO ESTRADA","CLASIFICAC":1,"CP":82199,"OTROS_CP":"","CONTROL":1240,"Geometry1_":"1=X_8D>"}},
{"type":"Feature","geometry":{"type":"Polygon","coordinates":[[[-106.39210695773211,23.2866857186778],[-106.39264580336402,23.286661129680237],[-106.39314659111005,23.28663571528481],[-106.39363732508724,23.286650640260365],[-106.39415806210009,23.28666848864178],[-106.39466637027346,23.286684883354557],[-106.39481687281732,23.286684662200503],[-106.39516485820418,23.286684255044808],[-106.39564329737235,23.286677990339978],[-106.39564344595834,23.28667799402754],[-106.39619119550458,23.286691586959453],[-106.39648522364394,23.286732003119138],[-106.39656566385504,23.286725206146617],[-106.39664610405565,23.286718409133222],[-106.39706049488538,23.286642665333076],[-106.39728977153577,23.28660450996966],[-106.39752905615359,23.286588835842483],[-106.39761231081597,23.286606150659622],[-106.397860943623,23.28654976542418],[-106.398106070019,23.286341765389416],[-106.39751763729681,23.28597000084199],[-106.39711673554262,23.285771504452676],[-106.39694912643422,23.285676409495487],[-106.3967050597285,23.285537934862063],[-106.39619467060287,23.285230833685063],[-106.39580459931412,23.28499612562762],[-106.39570944831839,23.28492627575806],[-106.39468789184107,23.284321243515183],[-106.39449705164492,23.28421200453142],[-106.39417290697455,23.284023941660227],[-106.39385214668617,23.283837841131948],[-106.39365495134027,23.283726274049336],[-106.39331771750275,23.283535476445895],[-106.39314469317331,23.28343938633199],[-106.39297660340343,23.28334551400576],[-106.3926894497504,23.283144511451766],[-106.39268581148822,23.28316826229404],[-106.39255593144578,23.284016124147335],[-106.39224364223388,23.28456373083674],[-106.39217454596896,23.28486292297869],[-106.39211184699538,23.28568063925959],[-106.39210695773211,23.2866857186778]]]},"properties":{"ID":1363,"ENTIDAD":25,"MUNICIPIO":12,"NOMBRE":"RENATO VEGA AMADOR","CLASIFICAC":1,"CP":82134,"OTROS_CP":"","CONTROL":1286,"Geometry1_":"1=X_89f"}},
{"type":"Feature","geometry":{"type":"Polygon","coordinates":[[[-106.24214098968936,23.44087747076005],[-106.24382256984988,23.441736229422503],[-106.24498641296502,23.441912817880908],[-106.24483490584105,23.440627247056923],[-106.24390694196101,23.439161997447762],[-106.24170446624383,23.438936475788676],[-106.24080579212259,23.438943622378908],[-106.24055227646872,23.43834513961004],[-106.24116844380217,23.437954206957514],[-106.24136519517504,23.437452227498266],[-106.24085776723521,23.4362123734414],[-106.23948386168735,23.43676659663467],[-106.23837645073033,23.43598901911717],[-106.23655001382487,23.436203664078228],[-106.23599581641139,23.436594088091418],[-106.2362189847031,23.43726430749602],[-106.23787748475354,23.438981171045693],[-106.23954538762426,23.44004025225588],[-106.24214098968936,23.44087747076005]]]},"properties":{"ID":1375,"ENTIDAD":25,"MUNICIPIO":12,"NOMBRE":"VERANOS","CLASIFICAC":5,"CP":82240,"OTROS_CP":"","CONTROL":1278,"Geometry1_":"1=X_7MN"}},
{"type":"Feature","geometry":{"type":"Polygon","coordinates":[[[-106.32058912545702,23.378270269326286],[-106.32194596098219,23.376305224732064],[-106.32387808826229,23.375646796089352],[-106.32456597642512,23.374875933493833],[-106.32545474786961,23.375025809605276],[-106.32597387072565,23.37401164045232],[-106.32384816870307,23.371269191245126],[-106.32219750138105,23.371171716791647],[-106.32142589141047,23.37045390725407],[-106.32079707844892,23.370133138463537],[-106.32008124629462,23.370323609974744],[-106.31954375886488,23.371339090439797],[-106.31919762037047,23.37374642111138],[-106.32015507648747,23.37479027248844],[-106.32085489502536,23.375221529571704],[-106.32080003616014,23.375659158169015],[-106.3202117819503,23.376032982975037],[-106.31986134898031,23.376697437785104],[-106.3201728875999,23.378082523710155],[-106.32058912545702,23.378270269326286]]]},"properties":{"ID":1376,"ENTIDAD":25,"MUNICIPIO":12,"NOMBRE":"EL SALTO","CLASIFICAC":5,"CP":82240,"OTROS_CP":"","CONTROL":1279,"Geometry1_":"1=X_9)f"}},
{"type":"Feature","geometry":{"type":"Polygon","coordinates":[[[-106.39471370090048,23.280815670339276],[-106.39386839126631,23.280351147197553],[-106.39270799920425,23.279738311609382],[-106.39241483216902,23.279585699110232],[-106.39216470315583,23.27946828102564],[-106.39216470267085,23.279468280797982],[-106.39216470259623,23.27946828076295],[-106.39188588769534,23.27995258985529],[-106.39159598457658,23.280394385558697],[-106.39159598607066,23.280394386392565],[-106.39199681483731,23.280618099187333],[-106.39199681482788,23.280618099928773],[-106.39199681478098,23.280618103619364],[-106.3919895778984,23.281187517078116],[-106.39198957788578,23.281187518070492],[-106.3918182473166,23.281643149194103],[-106.39180062470336,23.2816707902635],[-106.39167933101243,23.281861039073934],[-106.3915757325639,23.28202353246629],[-106.3915757326927,23.282023532536694],[-106.39248628238644,23.28252119038188],[-106.39297475972768,23.282777543831706],[-106.3932704741689,23.282941126692762],[-106.39368786326605,23.283211823390168],[-106.3939514045687,23.282827039203106],[-106.39426992496513,23.282410662900972],[-106.39454713365383,23.28201332120792],[-106.39481762899312,23.28163895328098],[-106.39518836441047,23.28109175373163],[-106.39518836450108,23.281091753597895],[-106.39479652144017,23.280863842255272],[-106.39471370111626,23.280815670464783],[-106.39471370090048,23.280815670339276]]]},"properties":{"ID":1380,"ENTIDAD":25,"MUNICIPIO":12,"NOMBRE":"LOS ROBLES","CLASIFICAC":1,"CP":82198,"OTROS_CP":"","CONTROL":1288,"Geometry1_":"1=X_8>"}},
{"type":"Feature","geometry":{"type":"Polygon","coordinates":[[[-106.47706304972348,23.559972346964155],[-106.47780361695575,23.559511546172494],[-106.47890284992194,23.55888925312724],[-106.47918829054169,23.558036759274973],[-106.47940189309509,23.5573549042086],[-106.47820517237197,23.555853680202244],[-106.47554501381407,23.55470896170832],[-106.4732589893123,23.553725186971374],[-106.47157563543887,23.553214262571238],[-106.46927121122609,23.55446635614988],[-106.46927121122575,23.554466356150062],[-106.46806753723186,23.554203944276185],[-106.46649865991542,23.55419758418088],[-106.4663265477243,23.55533731702014],[-106.46564437109562,23.558657898737117],[-106.46799553497868,23.562850630730235],[-106.46937978058932,23.564639087074124],[-106.47103860361982,23.56540769993729],[-106.47212912692035,23.564834016349632],[-106.47367168420237,23.56262696921941],[-106.47522618345413,23.56108382231355],[-106.4756944357379,23.560300709728107],[-106.4759662382457,23.560329491217384],[-106.4766640789307,23.560024510527764],[-106.47706304972348,23.559972346964155]]]},"properties":{"ID":1387,"ENTIDAD":25,"MUNICIPIO":12,"NOMBRE":"EL QUELITE","CLASIFICAC":5,"CP":82300,"OTROS_CP":"","CONTROL":1297,"Geometry1_":"1=X_6Y-"}},
{"type":"Feature","geometry":{"type":"Polygon","coordinates":[[[-106.40786092892503,23.272805243529998],[-106.40786092894413,23.27280524353091],[-106.40824804438014,23.27282365561312],[-106.40851772274817,23.272937957414637],[-106.4089145756727,23.273131363390803],[-106.40895798649707,23.273163917979378],[-106.40928623234785,23.273273019585883],[-106.40936340983937,23.27333715990606],[-106.40940231487973,23.27332056747865],[-106.40968084101723,23.2734252614319],[-106.40975061266971,23.27344666810352],[-106.41008805951665,23.273574873648553],[-106.41016205188886,23.27360298529858],[-106.4103413180523,23.273671399792352],[-106.41041442728124,23.273698868995158],[-106.41116429193502,23.27397741867876],[-106.41149824805133,23.272808635357645],[-106.41150478188848,23.272766652818785],[-106.41150478194767,23.272766652438495],[-106.41110893155229,23.27246327535736],[-106.41110893124777,23.27246327512398],[-106.41083039859032,23.2723473876256],[-106.41043326604608,23.272182153717548],[-106.41043326599466,23.272182153696146],[-106.40912585524498,23.271857622569847],[-106.40912585521481,23.271857622562365],[-106.40912585519489,23.271857622550908],[-106.40861392707716,23.27156349650962],[-106.40809153479164,23.271095080492714],[-106.40809153476025,23.271095080464562],[-106.40791619549024,23.2713019517438],[-106.4079114495158,23.27141940336346],[-106.40790985697512,23.271458814956702],[-106.40789113000649,23.271922262359265],[-106.40788009227455,23.272374659196558],[-106.40786092892503,23.272805243529998]]]},"properties":{"ID":1391,"ENTIDAD":25,"MUNICIPIO":12,"NOMBRE":"VILLA CAREY","CLASIFICAC":2,"CP":82129,"OTROS_CP":"","CONTROL":1306,"Geometry1_":"1=X_8D("}},
{"type":"Feature","geometry":{"type":"Polygon","coordinates":[[[-106.412177558314,23.26509606198663],[-106.41217755833267,23.265096061983773],[-106.41358254871477,23.264879957100494],[-106.41354121788409,23.26462795548198],[-106.41301166425,23.26387871217778],[-106.41301166384508,23.263878711604864],[-106.4130116637232,23.263878711432415],[-106.413011663721,23.26387871143004],[-106.41252270321233,23.263942185043685],[-106.41238586812392,23.26395994778664],[-106.41228281797119,23.263973324781333],[-106.41031086749531,23.264222204110087],[-106.41020379374793,23.264237208729966],[-106.40962521509063,23.264318286248177],[-106.40964188363618,23.26450447203463],[-106.4096418836362,23.264504472034655],[-106.40964188363354,23.26450447207495],[-106.40963858998452,23.264554409606905],[-106.40963859000648,23.264554409606934],[-106.40964690492395,23.2645544198343],[-106.409646904943,23.26455442002387],[-106.40963858999592,23.264554409767022],[-106.40963858997397,23.264554409766998],[-106.40958110691521,23.265425950942024],[-106.409581106915,23.265425950945414],[-106.40958110691518,23.265425950945392],[-106.409732619003,23.26540702820561],[-106.40958110691682,23.265425950945207],[-106.410811812426,23.265285990473714],[-106.41081181242625,23.265285990473675],[-106.41128894570463,23.26523027505702],[-106.41133669367673,23.265222614196723],[-106.411503024524,23.265195927344404],[-106.41150302452434,23.265195927344358],[-106.41196353295662,23.26513134070415],[-106.41204729434854,23.265111143721853],[-106.412047294349,23.265111143721807],[-106.412177558314,23.26509606198663]]]},"properties":{"ID":1399,"ENTIDAD":25,"MUNICIPIO":12,"NOMBRE":"RESIDENCIAL JARDINES DEL BOSQUE","CLASIFICAC":2,"CP":82129,"OTROS_CP":"","CONTROL":1309,"Geometry1_":"1=X_8D,"}},
{"type":"Feature","geometry":{"type":"MultiPolygon","coordinates":[[[[-106.4050302606135,23.2557491074385],[-106.40503026128222,23.255749106940524],[-106.40508082142883,23.255711457175572],[-106.4046179435907,23.2552803621552],[-106.40418766253389,23.25551531421393],[-106.40383151544972,23.25579238831132],[-106.40350069723131,23.256096238462856],[-106.40314920627678,23.256419560707442],[-106.4027807325426,23.256716030731308],[-106.40231555442081,23.256947784406133],[-106.40210678117573,23.257128880788933],[-106.40150916175968,23.25659091196527],[-106.40057830435967,23.256035927822232],[-106.4005783041279,23.256035927642753],[-106.39971815212161,23.25683823039117],[-106.39936876852981,23.25716411232888],[-106.39930473695509,23.257221590280132],[-106.39909646376347,23.257402780799694],[-106.39864936396451,23.257809881717538],[-106.39864936396442,23.257809881717492],[-106.39864936396451,23.25780988171757],[-106.39849324670604,23.257729779639593],[-106.39827750505415,23.257771085580142],[-106.39814698996338,23.257796073871216],[-106.39705878625911,23.258004415740732],[-106.39682731919343,23.258048730185216],[-106.39670849385546,23.258076467774288],[-106.3950497247268,23.258463666440782],[-106.39471355514443,23.258542134542154],[-106.3946636583886,23.258553781285062],[-106.39450540347622,23.258590720529142],[-106.39437509164513,23.25865642948369],[-106.39423929385794,23.258724904518488],[-106.39383633139857,23.258928094291768],[-106.3935620718292,23.259066386000217],[-106.3934476452494,23.259124083846398],[-106.39302872663932,23.25933531601146],[-106.39276300923623,23.259469298320717],[-106.39264327712466,23.25952967044362],[-106.39240046097346,23.25965210438243],[-106.39198742580183,23.259878055315728],[-106.39157424044542,23.260104086985347],[-106.391496,23.26014688799995],[-106.39127905031717,23.260215847722137],[-106.39085165558285,23.260351698761053],[-106.39045292604716,23.260478437044814],[-106.390075620044,23.260598364609287],[-106.38999133125475,23.26062515584011],[-106.38972724160963,23.260763789440357],[-106.38944761456399,23.260910578603152],[-106.38937183515868,23.260976229244203],[-106.38922623615268,23.26125184695708],[-106.38913360150421,23.261415957937455],[-106.38949837705543,23.26165292351178],[-106.38949837705543,23.261652923511793],[-106.38988989094837,23.261943146685677],[-106.3900465725582,23.262041970090078],[-106.39057869693131,23.262377580110357],[-106.39100090464484,23.26264713336777],[-106.39123008212046,23.262788731237325],[-106.3914630134819,23.262932647785],[-106.39146301341363,23.26293264847581],[-106.3914630135216,23.262932648542524],[-106.39133688595892,23.26420876523371],[-106.39133688588088,23.264208764863362],[-106.39146301341363,23.26293264847581],[-106.391336885664,23.264208765026943],[-106.39135385906917,23.264289301066075],[-106.39135385908133,23.264289301123767],[-106.39136939769467,23.26436302921056],[-106.39136939769466,23.264363029210596],[-106.39136939759409,23.2643630293034],[-106.39136939773437,23.264363029969026],[-106.39096880782681,23.26473265691079],[-106.39076846401217,23.264917514748305],[-106.39035953304656,23.265294833996045],[-106.39035953297757,23.265294834059716],[-106.39041899829692,23.265445984828492],[-106.39062538745573,23.265626051534063],[-106.39047822607063,23.266384456365735],[-106.39037954744408,23.26698289132424],[-106.39048611452363,23.267107127260655],[-106.39048611452361,23.26710712726068],[-106.39060301514994,23.26727153260247],[-106.39151131031979,23.267082873105732],[-106.39165062840256,23.267073152000673],[-106.39170716800922,23.267390739679037],[-106.39170716800922,23.26739073967905],[-106.39182316340568,23.26787844755064],[-106.39182316340569,23.267878447550665],[-106.39190886429806,23.268343585487823],[-106.39190886429806,23.268343585487862],[-106.39201137176539,23.26878297642717],[-106.39204234134202,23.26889718864398],[-106.39267396014048,23.268818317064333],[-106.39272492068142,23.268816702003917],[-106.39313572419114,23.268766043099944],[-106.39432338191843,23.268592420194746],[-106.39535659845191,23.26845150354305],[-106.3956132028064,23.26840036770238],[-106.396651416036,23.26826731453088],[-106.39665141604587,23.26826731452961],[-106.39695333538732,23.26822862044885],[-106.39694825095592,23.26816295003431],[-106.39696837789742,23.267651394116697],[-106.39696166891693,23.267573325169415],[-106.39697418690777,23.26716899131004],[-106.3969728505409,23.267078202432824],[-106.39697955953157,23.266712509270377],[-106.39697285055108,23.266613895160805],[-106.39697465258197,23.266400719516295],[-106.39690243181565,23.266210765667076],[-106.39690243154956,23.26621076496721],[-106.39688243844871,23.26615817933854],[-106.39732012481547,23.266052145135514],[-106.39783099306808,23.265946945565098],[-106.3983219689446,23.265818865252065],[-106.3988552050631,23.265685788225163],[-106.39933190321038,23.26560549323152],[-106.39933190542949,23.26560549298231],[-106.39933190787553,23.265605492707607],[-106.40061517997638,23.265461372735246],[-106.40091862243621,23.2652693302114],[-106.40091863063248,23.26526933164629],[-106.40091863882763,23.265269333080994],[-106.40126041929278,23.26532916715128],[-106.40225038819686,23.26550248179511],[-106.40230706173757,23.265486007952077],[-106.4023070637559,23.26548600736539],[-106.402307067792,23.26548600619218],[-106.40230707384599,23.265486004432496],[-106.40236374741366,23.26546953132856],[-106.40260328849728,23.26542214392365],[-106.40421988482395,23.265102329140525],[-106.4045262196824,23.26504172672234],[-106.40452621969824,23.265041726719204],[-106.40452621972995,23.26504172671293],[-106.40449315378346,23.26480754527275],[-106.40448723694696,23.26479335271187],[-106.40448120621792,23.26477888695638],[-106.40449311547613,23.264807453714976],[-106.40446929440792,23.26475031472077],[-106.4044643665671,23.26471122026528],[-106.40432927528207,23.264128498097108],[-106.4043256089351,23.264112683083766],[-106.40432339794224,23.26410314580122],[-106.40428501281725,23.26393756845111],[-106.40425461972195,23.263792163867635],[-106.40414152629224,23.26325110685768],[-106.40409351777838,23.263021425004712],[-106.40409351777838,23.263021425004673],[-106.40393010067692,23.262239599306813],[-106.40385487917506,23.262122476977567],[-106.4038548792022,23.262122476846912],[-106.40385487916461,23.262122476788367],[-106.40385795687628,23.262107670610064],[-106.4038548792022,23.262122476846912],[-106.40385898268553,23.26210273567193],[-106.40386719060278,23.262063248733284],[-106.4038692422073,23.262053378838427],[-106.40387950203153,23.2620040206774],[-106.40408859275857,23.261819246259382],[-106.4039742794741,23.26177056514581],[-106.40384474967809,23.26168558255884],[-106.40375513932584,23.261410718691685],[-106.40365329135157,23.261018167788624],[-106.40364900322399,23.26099457384111],[-106.40364900327151,23.260994573839344],[-106.40364900320311,23.26099457346302],[-106.40364900322689,23.260994573462135],[-106.40364900325065,23.26099457346125],[-106.40365435207427,23.26099437402527],[-106.40367574734387,23.260993576280445],[-106.40385012593887,23.26098707675527],[-106.40391366676423,23.26099421352984],[-106.40431045788648,23.261038779688022],[-106.40443566401056,23.26107256299324],[-106.4044654364928,23.26102421263233],[-106.40450595079531,23.26095841754737],[-106.40475057190595,23.260561152200477],[-106.40482140596791,23.260102346039837],[-106.40489141280581,23.259635477310137],[-106.40504081223891,23.25967407489355],[-106.4050468751352,23.259517394085446],[-106.40505133649194,23.259402101107852],[-106.40499991497475,23.25928205552262],[-106.40501705439785,23.25932206805376],[-106.40498278218342,23.259242058117255],[-106.4049483112207,23.259143502349943],[-106.4049655497044,23.259192788997172],[-106.40491383945168,23.259044944269302],[-106.40491383948509,23.259044944206046],[-106.40491383944118,23.259044944080536],[-106.40491383950798,23.259044943954038],[-106.40494881573537,23.258978715077525],[-106.40501875934528,23.258846273864258],[-106.40507031245156,23.258660439738804],[-106.40513601666302,23.258548628067683],[-106.4052423609413,23.258485885386627],[-106.40529417255087,23.258324765807362],[-106.40529417259545,23.25832476566873],[-106.40529417264005,23.258324765530002],[-106.40528066995878,23.258312528976926],[-106.40528742293326,23.258318648913672],[-106.40526716569858,23.25830029116853],[-106.40510693702645,23.258326441534354],[-106.4049329457377,23.258315640328764],[-106.40482478829645,23.258205384407404],[-106.40478427786655,23.25816867230078],[-106.4047162425391,23.258058057314024],[-106.40460976883344,23.258108442607885],[-106.40451967177493,23.258063708243725],[-106.40450573758137,23.25797749089969],[-106.40451038036558,23.25800621785852],[-106.40450109391854,23.257948758242176],[-106.40450109391993,23.257948758374447],[-106.40450109391085,23.257948758318246],[-106.40450109390946,23.257948758185975],[-106.40450109390035,23.257948758129665],[-106.40450109389758,23.25794875786493],[-106.4044994106767,23.25778811635505],[-106.4044994155921,23.25778810637187],[-106.40459108592694,23.257601923450007],[-106.40461666837828,23.25749047089646],[-106.40461666837828,23.25749047089643],[-106.40469398999487,23.257422946785262],[-106.40473483205501,23.25727932457691],[-106.40478560809096,23.257019348336936],[-106.40478560809096,23.257019348336904],[-106.40482455554732,23.256925949473043],[-106.40484282306849,23.2568182573083],[-106.40478314767364,23.256784565320874],[-106.40467343783413,23.256526024829462],[-106.4046180004281,23.256341147898667],[-106.40454893047836,23.256131676499262],[-106.40454893051485,23.25613167645338],[-106.40454893046788,23.256131676310943],[-106.40454893054086,23.25613167621921],[-106.4046281372181,23.256032101885072],[-106.4046281372181,23.256032101885044],[-106.40473447982394,23.255969359614244],[-106.40487852824735,23.25586209459342],[-106.4050302606135,23.2557491074385]]],[[[-106.40433737552928,23.264163438996842],[-106.4044629962747,23.26470530904951],[-106.40446133423914,23.264698139651333],[-106.40433737552928,23.264163438996842]]],[[[-106.39204234132835,23.268897188645685],[-106.39201137179528,23.268782976998132],[-106.39203930090264,23.268897568303757],[-106.39204234132835,23.268897188645685]]]]},"properties":{"ID":1424,"ENTIDAD":25,"MUNICIPIO":12,"NOMBRE":"JARIPILLO","CLASIFICAC":1,"CP":82136,"OTROS_CP":"","CONTROL":1680,"Geometry1_":"1=X_8D-"}},
{"type":"Feature","geometry":{"type":"Polygon","coordinates":[[[-106.38722601829208,23.26988634966244],[-106.38722601829208,23.26988634966248],[-106.38718265019531,23.2702418561382],[-106.38718265019531,23.27024185613823],[-106.38718255136811,23.27062716283359],[-106.38718255136811,23.270627162833623],[-106.3871798454349,23.27104242602706],[-106.3871798454349,23.271042426027087],[-106.38718229799616,23.27145010306383],[-106.3871819436206,23.27187314172756],[-106.3871819436206,23.271873141727585],[-106.38720450344464,23.27229708603731],[-106.38717445555369,23.27273104324205],[-106.38719486924238,23.273128006884054],[-106.38719486924238,23.27312800688409],[-106.38719490020848,23.273229585487588],[-106.38719494376627,23.273372444515704],[-106.38719497764592,23.273483541867506],[-106.38719497764592,23.273483541867545],[-106.38719497767441,23.27348354186761],[-106.38762065964632,23.273484414990744],[-106.38782064581866,23.273475417451884],[-106.38845080719256,23.27346234992912],[-106.38897777460006,23.27347084266438],[-106.38897777460006,23.273470842664402],[-106.38953402944513,23.273462034562275],[-106.38953402944568,23.273462034562268],[-106.39015690582698,23.273446038307114],[-106.3903190911752,23.27344187277591],[-106.39098318915711,23.27342889541753],[-106.39098318915796,23.273428895417517],[-106.39098318915873,23.273428895417574],[-106.39213544316574,23.273509651305428],[-106.39213621474559,23.273461210766524],[-106.39214143621268,23.273133402647247],[-106.39214143621268,23.2731334026472],[-106.39214032122928,23.272736262486656],[-106.39214032122928,23.272736262486625],[-106.39213474829063,23.272285131396156],[-106.39213474829063,23.27228513139612],[-106.39211867487579,23.271887327987045],[-106.3921186748758,23.271887327987006],[-106.39210566906989,23.271495261757963],[-106.39210566906988,23.27149526175795],[-106.39212268102209,23.271057312600828],[-106.39212268365672,23.27105731254628],[-106.39302830574105,23.270839413486478],[-106.39298671710473,23.27058894106368],[-106.3929867163934,23.270588936779582],[-106.39295783614939,23.270421133509615],[-106.3929076189145,23.27011371280672],[-106.3929076189145,23.270113712806687],[-106.39284281778396,23.269779978979027],[-106.39278155557187,23.2693933280897],[-106.39271850487066,23.269031247353446],[-106.39267396014048,23.268818317064333],[-106.39204234134202,23.26889718864398],[-106.39204629530659,23.268911770391863],[-106.39204234132835,23.268897188645685],[-106.39203930090264,23.268897568303757],[-106.39201137179528,23.268782976998132],[-106.3919270126275,23.26873051494428],[-106.39091065736667,23.268901222244008],[-106.38970212847384,23.269130965028882],[-106.38975699182122,23.269461232517756],[-106.38946906781925,23.269473286162416],[-106.38839527285661,23.269679617556307],[-106.38722601829208,23.26988634966244]]]},"properties":{"ID":1470,"ENTIDAD":25,"MUNICIPIO":12,"NOMBRE":"VALLE BONITO","CLASIFICAC":2,"CP":82136,"OTROS_CP":"","CONTROL":1428,"Geometry1_":"1=X_8D/"}},
{"type":"Feature","geometry":{"type":"MultiPolygon","coordinates":[[[[-106.39684096585606,23.27271720903008],[-106.39790920317863,23.272537272715333],[-106.39892714566543,23.272431787923278],[-106.39916279797067,23.272659379321762],[-106.39921037508509,23.2728064118511],[-106.39927268741869,23.27318867656856],[-106.39933842479799,23.27360493915713],[-106.39937688391737,23.273760560021245],[-106.39940383677728,23.27399001182219],[-106.39947878259414,23.274406192161734],[-106.39951414335953,23.2745590048883],[-106.39972532493458,23.274543831341166],[-106.39984018714553,23.27461780091683],[-106.40000938194467,23.274797299750535],[-106.40017720784216,23.274614529923813],[-106.40034496945968,23.274431829445078],[-106.40037029504232,23.274405502855302],[-106.40067414728948,23.274089639596124],[-106.40112475992869,23.273711588588863],[-106.40112476002055,23.2737115885118],[-106.4016023833442,23.273117717702053],[-106.40191896180767,23.272728468468497],[-106.40223900411999,23.272371256483563],[-106.40270517398194,23.271906789753064],[-106.40332643362368,23.27116941750395],[-106.40352873032259,23.270916796348587],[-106.4039372145045,23.27045294094287],[-106.40421791060265,23.270141151699566],[-106.40471861780878,23.26959473672421],[-106.40508158411583,23.2690288663958],[-106.40441020997005,23.269107745155853],[-106.40422568712161,23.269196986562548],[-106.40373357720541,23.268859713404343],[-106.40323062844955,23.268505468979882],[-106.40251347850666,23.26873801323165],[-106.40158358027172,23.268966911525208],[-106.40144792830618,23.2689800308414],[-106.40117212094147,23.2689178349664],[-106.40068888177537,23.26885758004315],[-106.40030664573612,23.26894052624776],[-106.39868248353098,23.26921709300589],[-106.39803917867391,23.269362170054094],[-106.39771054719326,23.269084577359546],[-106.3971867720043,23.2697420913551],[-106.39704644038083,23.269918635923936],[-106.3970464404199,23.269918636500968],[-106.39705373213535,23.27002631302603],[-106.39680601180766,23.270316787653442],[-106.39648298328618,23.270698679804596],[-106.39618427089324,23.271087311501432],[-106.39618427070634,23.27108731214328],[-106.39618427094395,23.271087312454934],[-106.39618427079401,23.271087312967868],[-106.39618427055682,23.27108731265675],[-106.39618418532312,23.271087605355337],[-106.39618411687093,23.27108784042503],[-106.39609379573163,23.271398008973783],[-106.39598602214322,23.271469301110805],[-106.39589050204017,23.271495279436593],[-106.39569945425161,23.271547237948305],[-106.39540630209726,23.271503955397836],[-106.39540630141173,23.271503955296623],[-106.39540630141177,23.271503955296673],[-106.3954063020973,23.27150395539789],[-106.39644066898396,23.2727353511828],[-106.39656094135442,23.2728457724303],[-106.39684096585606,23.27271720903008]]],[[[-106.39644066635708,23.27273534877108],[-106.39540630181094,23.271503955771923],[-106.39544061008303,23.271544803097385],[-106.39552312048623,23.271643039595936],[-106.39644026631876,23.272734981498132],[-106.39644066635708,23.27273534877108]]]]},"properties":{"ID":1522,"ENTIDAD":25,"MUNICIPIO":12,"NOMBRE":"CONCHI II","CLASIFICAC":1,"CP":82129,"OTROS_CP":"","CONTROL":1523,"Geometry1_":"1=X_8D-"}},
{"type":"Feature","geometry":{"type":"Polygon","coordinates":[[[-106.39771054719326,23.269084577359546],[-106.39803917867391,23.269362170054094],[-106.39868248353098,23.26921709300589],[-106.40030664573612,23.26894052624776],[-106.40068888177537,23.26885758004315],[-106.40117212094147,23.2689178349664],[-106.40144792830618,23.2689800308414],[-106.40158358027172,23.268966911525208],[-106.40251347850666,23.26873801323165],[-106.40323062844955,23.268505468979882],[-106.40373357720541,23.268859713404343],[-106.40422568712161,23.269196986562548],[-106.40441020997005,23.269107745155853],[-106.40508158411583,23.2690288663958],[-106.40526706433478,23.268739697667367],[-106.40526706441004,23.268739697550057],[-106.40126042040457,23.265329168097697],[-106.4012604198487,23.2653291676245],[-106.40126041929278,23.26532916715128],[-106.40091863882763,23.265269333080994],[-106.40091863063248,23.26526933164629],[-106.40091862243621,23.2652693302114],[-106.40071794865428,23.26548177490932],[-106.40003041330066,23.266296137391787],[-106.39988957563926,23.266488278575018],[-106.39946042246959,23.266959351672426],[-106.39934895719641,23.26712455428809],[-106.39910936962193,23.26747964531275],[-106.39892988286672,23.26760552539396],[-106.3986240327558,23.26802928547105],[-106.39835057670913,23.26830559030925],[-106.39818285250188,23.268512081300507],[-106.39806167012749,23.26867492678971],[-106.39771054719326,23.269084577359546]]]},"properties":{"ID":1523,"ENTIDAD":25,"MUNICIPIO":12,"NOMBRE":"SINALOA","CLASIFICAC":1,"CP":82129,"OTROS_CP":"","CONTROL":1524,"Geometry1_":"1=X_8D."}},
{"type":"Feature","geometry":{"type":"Polygon","coordinates":[[[-106.39564329737235,23.286677990339978],[-106.39564341855426,23.28667855827461],[-106.39576444855986,23.287245778099333],[-106.39584881007931,23.287632257749483],[-106.39595180853571,23.288040676055772],[-106.39604612412843,23.288463728129692],[-106.39614095696655,23.28885766114784],[-106.39628919858652,23.289484372402413],[-106.39633300296812,23.289669559977487],[-106.39641232719408,23.289997820143686],[-106.39646045881975,23.290179905134565],[-106.39646045927475,23.290179906855897],[-106.39723473895651,23.29010299276607],[-106.39846107667196,23.289893503710065],[-106.39908535085165,23.28947627163764],[-106.39936260904834,23.28906597726327],[-106.39938000912849,23.289040228045693],[-106.40076453588387,23.28701306971123],[-106.40051543252343,23.28699649357352],[-106.39983351156884,23.286896490211753],[-106.39971306421639,23.286932278304512],[-106.39981956713257,23.28645719110464],[-106.3999187059531,23.285968110385],[-106.40001463504592,23.285445894103102],[-106.39988015242409,23.285508608096432],[-106.39967467157257,23.285583493306564],[-106.39910025734294,23.285792830339066],[-106.39873690872362,23.28593492923887],[-106.39851060908823,23.2860201715553],[-106.398106070019,23.286341765389416],[-106.397860943623,23.28654976542418],[-106.39761231081597,23.286606150659622],[-106.39752905615359,23.286588835842483],[-106.39728977153577,23.28660450996966],[-106.39706049488538,23.286642665333076],[-106.39664610405565,23.286718409133222],[-106.39656566385504,23.286725206146617],[-106.39648522364394,23.286732003119138],[-106.39619119550458,23.286691586959453],[-106.39564344595834,23.28667799402754],[-106.39564329737235,23.286677990339978]]]},"properties":{"ID":1524,"ENTIDAD":25,"MUNICIPIO":12,"NOMBRE":"SAN FRANCISCO RESIDENCIAL","CLASIFICAC":2,"CP":82129,"OTROS_CP":"","CONTROL":1548,"Geometry1_":"1=X_89f"}},
{"type":"Feature","geometry":{"type":"Polygon","coordinates":[[[-106.40409351777838,23.263021425004712],[-106.4041415262713,23.263251106478823],[-106.40425461970102,23.263792163488603],[-106.40428501279631,23.263937568072038],[-106.40551597926715,23.263756370475306],[-106.40561531562396,23.263735180314367],[-106.40592793054586,23.263697996907275],[-106.406025099229,23.263684471367302],[-106.40633459844413,23.263636578848384],[-106.40634899486052,23.26363577979105],[-106.40643438552144,23.263624959354125],[-106.40663939516513,23.263580602907528],[-106.40665199230992,23.263501365014257],[-106.4066809901292,23.26300981207491],[-106.4066824431087,23.262989050114534],[-106.4066885028082,23.262918923757045],[-106.40669491188936,23.262706929933316],[-106.40645263168379,23.26274142534341],[-106.4063862313506,23.262748266377226],[-106.40601663367602,23.262788471907946],[-106.40594084506263,23.26279699769123],[-106.4057583337079,23.26281594387442],[-106.40565652703526,23.262829559003855],[-106.40546514267508,23.26285515363282],[-106.40538854478896,23.262868129186018],[-106.40528869336444,23.262882259338756],[-106.40518260533837,23.26289486136396],[-106.40482618532,23.262937199382932],[-106.40472177152854,23.262948394829667],[-106.40436438376923,23.262984807980693],[-106.4042948919793,23.262994165554193],[-106.40409351777838,23.263021425004712]]]},"properties":{"ID":1533,"ENTIDAD":25,"MUNICIPIO":12,"NOMBRE":"BRISAS DEL VALLE","CLASIFICAC":2,"CP":82129,"OTROS_CP":"","CONTROL":1556,"Geometry1_":"1=X_8D("}},
{"type":"Feature","geometry":{"type":"MultiPolygon","coordinates":[[[[-106.4078313016051,23.264562338334628],[-106.407831328294,23.264562340895637],[-106.40783132829412,23.26456234089561],[-106.4078313016051,23.264562338334628]]],[[[-106.40720434171877,23.269395702719333],[-106.407204341719,23.26939570271935],[-106.407204341719,23.26939570271932],[-106.40721859511054,23.269172227107862],[-106.40720434171877,23.269395702719333]]],[[[-106.4074319534967,23.265929253897077],[-106.40737966623274,23.26692198960393],[-106.40733735061517,23.26737142406664],[-106.40730987544754,23.267741054392673],[-106.40723215714583,23.26895959108209],[-106.40720434174143,23.26939570272059],[-106.40739484442116,23.269406251482483],[-106.40775665077399,23.26947470476395],[-106.40821617749633,23.269591798575533],[-106.40825431769424,23.26919401723998],[-106.40827664160547,23.26879727768505],[-106.40829290539025,23.268518256634867],[-106.40830227497604,23.268322935588813],[-106.40832273341948,23.268095854992314],[-106.40835450250778,23.2678581195526],[-106.40836974919934,23.267678575785585],[-106.40836187539188,23.267472856280314],[-106.40836187538461,23.267472856090425],[-106.40837785697794,23.267335901755835],[-106.40838283283584,23.267293261075725],[-106.40840279192602,23.267018694851007],[-106.40841803852132,23.26683915106851],[-106.40842144034214,23.266738066241057],[-106.4084267424043,23.266580515848734],[-106.40842441302452,23.266358916353376],[-106.40845063734606,23.2661370606481],[-106.40847554849002,23.265902908202204],[-106.40850045955479,23.265668755893206],[-106.40823047878504,23.265185236767888],[-106.40806204105093,23.264992003373248],[-106.40797095704382,23.264536788349556],[-106.40790114003251,23.26454956512167],[-106.4078313283049,23.26456234108528],[-106.40769936277486,23.264549677884233],[-106.40763696423214,23.264739798972265],[-106.4075367693255,23.264937782872625],[-106.40750227572607,23.265160883952717],[-106.4074613245201,23.265540786168014],[-106.4074319534967,23.265929253897077]],[[-106.40729511828833,23.267972430866056],[-106.407309875437,23.267741054202475],[-106.407337350605,23.267371423876458],[-106.40736976202308,23.267027182170594],[-106.4073585084206,23.267146706834506],[-106.40733735060455,23.267371423876533],[-106.40730987543694,23.26774105420252],[-106.40729511828833,23.267972430866056]]],[[[-106.40753667285743,23.26493840656155],[-106.407536769315,23.264937782682978],[-106.40753687693415,23.2649375700292],[-106.40753676931489,23.264937782682974],[-106.40753667285743,23.26493840656155]]]]},"properties":{"ID":1541,"ENTIDAD":25,"MUNICIPIO":12,"NOMBRE":"ARBOLEDAS II","CLASIFICAC":2,"CP":82132,"OTROS_CP":"","CONTROL":1217,"Geometry1_":"1=X_8D,"}},
{"type":"Feature","geometry":{"type":"Polygon","coordinates":[[[-106.40421988482395,23.265102329140525],[-106.40421988521338,23.265102331596783],[-106.40452621973509,23.26504172709552],[-106.40452621976142,23.265041727282046],[-106.40421988522196,23.265102331650947],[-106.40439466721612,23.26620471974507],[-106.40451823088789,23.26626298667879],[-106.405731967808,23.266738237863553],[-106.40579858012855,23.266785900489467],[-106.4073585084206,23.267146706834506],[-106.40736976202308,23.267027182170594],[-106.407379666222,23.266921989413916],[-106.407431953486,23.26592925370716],[-106.407461324509,23.26554078597818],[-106.407502275715,23.265160883762977],[-106.40752990431874,23.264982184826483],[-106.40753676931489,23.264937782682974],[-106.40753687693415,23.2649375700292],[-106.407636964221,23.264739798782617],[-106.40768045205037,23.264607296489693],[-106.40769936259444,23.264549678114044],[-106.40661997390217,23.26464773315609],[-106.40586550319681,23.264740097346802],[-106.40580680381152,23.26474833004593],[-106.40575851837407,23.26477038912697],[-106.40452621972995,23.26504172671293],[-106.40452621969824,23.265041726719204],[-106.4045262196824,23.26504172672234],[-106.40421988482395,23.265102329140525]]]},"properties":{"ID":1542,"ENTIDAD":25,"MUNICIPIO":12,"NOMBRE":"LAS MISIONES","CLASIFICAC":2,"CP":82133,"OTROS_CP":"","CONTROL":2107,"Geometry1_":"1=X_8D("}},
{"type":"Feature","geometry":{"type":"Polygon","coordinates":[[[-106.20993703701723,23.410148587566514],[-106.21011818206159,23.410803579700474],[-106.21160058431391,23.411539145870744],[-106.21193749518248,23.411804594310006],[-106.21352791271198,23.41137153901447],[-106.21506456470847,23.410988048026944],[-106.21573420815446,23.41082263569375],[-106.21607483843732,23.410357906954214],[-106.21589446052354,23.410075638612273],[-106.21667312294149,23.409906985849673],[-106.21695673508728,23.40983105230043],[-106.21776590760335,23.409432625535768],[-106.21952935509665,23.40834479826088],[-106.21975634401437,23.407916807134548],[-106.22198811341742,23.40754134450821],[-106.22182452415763,23.406618296105687],[-106.22217018049417,23.406438063102346],[-106.22276414623009,23.406074450881906],[-106.22296439705411,23.40587393304005],[-106.2217829050699,23.404501616383993],[-106.21912580783707,23.407030913727997],[-106.21863948634959,23.405478137660772],[-106.21931197821439,23.40262789394338],[-106.21921004325546,23.402489325612354],[-106.21863253236029,23.40263319383524],[-106.21830379747098,23.40246155241476],[-106.21795982486725,23.40199968799655],[-106.21762969359148,23.400854675147944],[-106.21686995338152,23.40080611413956],[-106.2153667663942,23.401133278642554],[-106.21497746295435,23.40141107587457],[-106.21431413997165,23.402376468313115],[-106.21309704026224,23.402757557930503],[-106.21320720638784,23.40482229303029],[-106.2133358939155,23.40576750243454],[-106.21378021776361,23.406848945397453],[-106.21376503895529,23.40826181840607],[-106.21211438858157,23.408555937855766],[-106.21087530488069,23.409417985968343],[-106.21035297714707,23.408859422571],[-106.20980307879056,23.409234879226815],[-106.20993703701723,23.410148587566514]]]},"properties":{"ID":1544,"ENTIDAD":25,"MUNICIPIO":12,"NOMBRE":"EL RECODO","CLASIFICAC":5,"CP":82240,"OTROS_CP":"","CONTROL":1559,"Geometry1_":"1=X_9*a"}},
{"type":"Feature","geometry":{"type":"Polygon","coordinates":[[[-106.37996509700476,23.266346038853133],[-106.38008330771318,23.266526769530085],[-106.38018047344434,23.266683234197675],[-106.3803520202711,23.266959472641137],[-106.38018047344434,23.266683234197636],[-106.38008330771319,23.26652676953004],[-106.37996509700476,23.266346038853133]]]},"properties":{"ID":1550,"ENTIDAD":25,"MUNICIPIO":12,"NOMBRE":"JESUS KUMATE","CLASIFICAC":1,"CP":82139,"OTROS_CP":"","CONTROL":1569,"Geometry1_":"1=X_8D@"}},
{"type":"Feature","geometry":{"type":"Polygon","coordinates":[[[-106.37449484946731,23.267606647265787],[-106.37460253714886,23.26750525098418],[-106.37473309948314,23.26738231615149],[-106.37490569652104,23.267219801800632],[-106.37493378103136,23.267176297293222],[-106.37501771360174,23.267046280767044],[-106.37592368693882,23.26564285625554],[-106.37611296661605,23.26538288694385],[-106.3761129666966,23.265382886851576],[-106.37611296660674,23.265382886754093],[-106.3759236869295,23.265642856065746],[-106.37501771359246,23.267046280577024],[-106.37493378102208,23.26717629710313],[-106.37490569651177,23.2672198016106],[-106.37473309947387,23.267382315961427],[-106.3746025371396,23.26750525079404],[-106.37449484916657,23.267606647350135],[-106.37449484946731,23.267606647265787]]]},"properties":{"ID":1551,"ENTIDAD":25,"MUNICIPIO":12,"NOMBRE":"PROGRESO","CLASIFICAC":2,"CP":82198,"OTROS_CP":"","CONTROL":1570,"Geometry1_":"1=X_8D3"}},
{"type":"Feature","geometry":{"type":"Polygon","coordinates":[[[-106.36918132794233,23.261555154560984],[-106.3686474538446,23.2606018248932],[-106.36864745384459,23.26060182489318],[-106.36823402375471,23.260004389808223],[-106.36803041326577,23.259710156078736],[-106.36771723140572,23.259251785791335],[-106.36660377112207,23.257342823422434],[-106.36660377112206,23.257342823422448],[-106.36660377105183,23.25734282330202],[-106.366004701516,23.25712279005757],[-106.3629971175736,23.258991689287612],[-106.3629971175736,23.25899168928763],[-106.36433377090528,23.260900922387613],[-106.36462311381919,23.261314201478182],[-106.3648929617366,23.261752280721325],[-106.3648929617366,23.261752280721343],[-106.36523801297665,23.262257325771905],[-106.36609999002904,23.26351342342387],[-106.36690757224234,23.263000195450115],[-106.36738230017698,23.262698496587433],[-106.36868618024067,23.26186984131904],[-106.36918132787088,23.2615551546064],[-106.36918132794233,23.261555154560984]]]},"properties":{"ID":1580,"ENTIDAD":25,"MUNICIPIO":12,"NOMBRE":"LOS MAGUEYES","CLASIFICAC":2,"CP":82199,"OTROS_CP":"","CONTROL":1668,"Geometry1_":"1=X_8D>"}},
{"type":"Feature","geometry":{"type":"Polygon","coordinates":[[[-106.37473420684945,23.25716570206101],[-106.37486647259709,23.256692831711526],[-106.37501023662192,23.256286791625097],[-106.37513913533805,23.255878247373396],[-106.37530390157652,23.25547355738091],[-106.37532561068772,23.255412245604365],[-106.3756772864899,23.255648791005992],[-106.37594079836263,23.256009147871975],[-106.37604299228421,23.256157359482096],[-106.37606356148096,23.256217471036884],[-106.37606356148096,23.256217471036923],[-106.37613521248036,23.256222040879635],[-106.37661137631602,23.25615785433678],[-106.37706814525843,23.256076417982925],[-106.37748384788966,23.25602732889476],[-106.37756886159106,23.256030368387],[-106.37772893132184,23.256005727177484],[-106.37817165936104,23.255955368360485],[-106.37879628019178,23.255862746819613],[-106.37884117598668,23.256254473518897],[-106.37929638782367,23.25619528809145],[-106.37967289041615,23.25615032578817],[-106.37966068785319,23.256084194796006],[-106.3796064073422,23.25576607266237],[-106.3795921386661,23.255682447844197],[-106.37965461249887,23.255280072359415],[-106.37899907874639,23.255274942346052],[-106.37836844168321,23.25522700811711],[-106.37777763518436,23.25518209903844],[-106.37754961013165,23.255148346281995],[-106.37740956587072,23.255127616456647],[-106.37727926313265,23.255117675672494],[-106.37710444241517,23.255104338442766],[-106.37701623086438,23.25509233190246],[-106.37663841441875,23.255061889151474],[-106.37642033448655,23.255040625211358],[-106.3762100556228,23.25501666376271],[-106.37614702368431,23.25500948116484],[-106.37547276540664,23.25499664367359],[-106.37503380298153,23.254959963457154],[-106.3748998897824,23.25494877326328],[-106.37421098794586,23.25485726709934],[-106.37399101024384,23.25473500839522],[-106.37377496898175,23.2545682806136],[-106.37348445810152,23.2543440804528],[-106.37328372809519,23.254547291401714],[-106.37304459307737,23.254789380928294],[-106.37304459307734,23.254789380928294],[-106.37304459300313,23.254789381109745],[-106.3730445930031,23.254789381109745],[-106.3730445700324,23.254789437242966],[-106.37294953898383,23.255021662915738],[-106.37291501590116,23.255099375993275],[-106.37288048219224,23.255177112899094],[-106.37288048219223,23.255177112899105],[-106.3728392045602,23.255270030336405],[-106.37279792422918,23.255362953717842],[-106.37269497471836,23.255537275188033],[-106.37254560942094,23.255790190302086],[-106.37247245493502,23.255939338390426],[-106.37226579069689,23.25636068561013],[-106.37226579078478,23.256360685637876],[-106.3733622963435,23.256706847177664],[-106.37442121445369,23.25706388001058],[-106.37442121445369,23.25706388001062],[-106.37457477716657,23.257113836819507],[-106.37458176375368,23.257116109681803],[-106.37473420684945,23.25716570206101]]]},"properties":{"ID":1584,"ENTIDAD":25,"MUNICIPIO":12,"NOMBRE":"VALLES DEL SOL","CLASIFICAC":2,"CP":82013,"OTROS_CP":"","CONTROL":1679,"Geometry1_":"1=X_8D"}},
{"type":"Feature","geometry":{"type":"MultiPolygon","coordinates":[[[[-106.3727186304461,23.26772872659802],[-106.37271863054661,23.267728726769292],[-106.37288035960162,23.267688403045245],[-106.37310908433078,23.267695425831704],[-106.37359508212145,23.267702123503447],[-106.37414015895223,23.267697001587692],[-106.37449484917583,23.267606647540234],[-106.37449484946731,23.267606647265787],[-106.37449484916657,23.267606647350135],[-106.37414015894299,23.26769700139757],[-106.37359508211225,23.267702123313274],[-106.37310908432158,23.267695425641527],[-106.37288035959241,23.267688402855107],[-106.37271863053742,23.267728726579104],[-106.3727186304461,23.26772872659802]]],[[[-106.3823181828125,23.272395011024436],[-106.38209419143384,23.272144252536442],[-106.38169310710767,23.27191238167547],[-106.38058699623487,23.27129778308012],[-106.38050193137062,23.271302719945524],[-106.38027186614268,23.272561105157095],[-106.37990406647201,23.27457280930597],[-106.37988202395532,23.274693371573765],[-106.37935417040165,23.27758040457717],[-106.37923440180015,23.27766746500793],[-106.37902566439763,23.277819196990336],[-106.38178250870986,23.278796469671],[-106.38432921820612,23.278026957689903],[-106.3830272033318,23.274377188353192],[-106.3823181828125,23.272395011024436]]]]},"properties":{"ID":1591,"ENTIDAD":25,"MUNICIPIO":12,"NOMBRE":"PRADERA DORADA","CLASIFICAC":2,"CP":82139,"OTROS_CP":"","CONTROL":1801,"Geometry1_":"1=X_8>"}},
{"type":"Feature","geometry":{"type":"Polygon","coordinates":[[[-106.41373347720554,23.299738894509566],[-106.41402573810014,23.299518576135537],[-106.41463808596758,23.298227363021255],[-106.41347051775418,23.297156280038937],[-106.41330718390608,23.297729170159567],[-106.41325050271313,23.29933509301467],[-106.41373347720554,23.299738894509566]]]},"properties":{"ID":1605,"ENTIDAD":25,"MUNICIPIO":12,"NOMBRE":"SIN NOMBRE","CLASIFICAC":1,"CP":82134,"OTROS_CP":"82134","CONTROL":2429,"Geometry1_":"1=X_89f"}},
{"type":"Feature","geometry":{"type":"Polygon","coordinates":[[[-106.41442012057666,23.260155979979416],[-106.41438138502859,23.25994870446839],[-106.4143649689499,23.259862801399215],[-106.41430852818702,23.259563639593022],[-106.41429062420976,23.259468801429847],[-106.41424958267665,23.25928384527403],[-106.41419500947124,23.25924369623673],[-106.41398095478945,23.25928135498734],[-106.41389737908443,23.259296058420038],[-106.4137341225587,23.25932217997716],[-106.41374533214126,23.259367385627566],[-106.41380302081379,23.259654701732373],[-106.41382016811926,23.259725144244324],[-106.41388465929676,23.260061296621117],[-106.41389928759503,23.26013618036689],[-106.41442012057666,23.260155979979416]]]},"properties":{"ID":1623,"ENTIDAD":25,"MUNICIPIO":12,"NOMBRE":"SAN NICOLAS","CLASIFICAC":2,"CP":82165,"OTROS_CP":"","CONTROL":1804,"Geometry1_":"1=X_8D\\-"}},
{"type":"Feature","geometry":{"type":"Polygon","coordinates":[[[-106.37837958418004,23.260009577314754],[-106.37847842130213,23.25974979241836],[-106.37846142366223,23.259277365087357],[-106.37844989689962,23.259018498470436],[-106.37855992717813,23.258830308556945],[-106.37898894212171,23.258555467467477],[-106.3786369838216,23.25848937409432],[-106.37844308199695,23.258651531128734],[-106.37824861725895,23.2574730817899],[-106.37802438191119,23.257506734898612],[-106.37762195251258,23.257567130426203],[-106.37706265995602,23.25765106576713],[-106.37699883028029,23.257650964303448],[-106.37699883028029,23.25765096430349],[-106.37703421680405,23.257943438013207],[-106.37703421680405,23.257943438013246],[-106.37701227635083,23.257995547371863],[-106.37693031207591,23.25819021508572],[-106.37678266981942,23.258562810401845],[-106.3767826698194,23.258562810401877],[-106.37667612271818,23.25883169522285],[-106.3766169060331,23.258989585783645],[-106.3766169060331,23.25898958578366],[-106.37645786921117,23.259345009714288],[-106.3764449997805,23.259377445832897],[-106.37666791732924,23.25945275875588],[-106.37689402308467,23.25948812092069],[-106.37807454855603,23.25974388248984],[-106.37823810043585,23.259772738615965],[-106.37823810038556,23.25977273879438],[-106.37807454882689,23.259743882724802],[-106.37821249717815,23.259863556842404],[-106.37821249722921,23.259863556883428],[-106.37824068376256,23.25988620697365],[-106.3783484480925,23.259981252509867],[-106.37837958418004,23.260009577314754]]]},"properties":{"ID":1667,"ENTIDAD":25,"MUNICIPIO":12,"NOMBRE":"HACIENDA DEL VALLE","CLASIFICAC":2,"CP":82013,"OTROS_CP":"","CONTROL":1827,"Geometry1_":"1=X_8D"}},
{"type":"Feature","geometry":{"type":"MultiPolygon","coordinates":[[[[-106.40734683544302,23.28534238253351],[-106.40735307141183,23.285341319296965],[-106.40763888344325,23.28529258788679],[-106.4082570050832,23.285199310122056],[-106.40826885694348,23.285197521589936],[-106.40828416913962,23.285193097871748],[-106.40867434689771,23.28508037429274],[-106.408674352551,23.285080374551644],[-106.40916372772702,23.285102785262456],[-106.40955103701123,23.284522247056863],[-106.4102859276987,23.28356770303292],[-106.41026583838011,23.28355404549469],[-106.40972696492838,23.282975525321117],[-106.40961080819471,23.282737947807863],[-106.40961080803665,23.28273794748457],[-106.40892528619523,23.28304851083798],[-106.40881312681137,23.283047177134307],[-106.40876552260664,23.28249349787197],[-106.40869638257519,23.28248621187081],[-106.40862724254954,23.282478925838788],[-106.40854520353058,23.282479935088617],[-106.40846316450795,23.282480944295582],[-106.40839513353505,23.282494914904397],[-106.40832710254635,23.282508885484365],[-106.40822865202072,23.28254903084782],[-106.40813020143318,23.282589176152168],[-106.4079817452365,23.282729560110717],[-106.40788815157097,23.28286672509421],[-106.40786001594547,23.282969766654322],[-106.4078318802809,23.283072808210196],[-106.40782720750188,23.28313365110165],[-106.40782253472021,23.283194493992713],[-106.40783242637865,23.283324289151704],[-106.4078365859754,23.283333771498402],[-106.40779188242823,23.28335118100485],[-106.40768567203894,23.283221116722622],[-106.40759870451625,23.283155877626218],[-106.40735964823189,23.28293226793473],[-106.40672788353397,23.282467885556983],[-106.40641418709237,23.281460256503202],[-106.40639357502052,23.281464803682045],[-106.4063388988818,23.28134289211342],[-106.4062352923995,23.281391641202724],[-106.40595609634816,23.28152069793168],[-106.40590420301947,23.2815459804382],[-106.40586094719914,23.281572089612858],[-106.40585718816659,23.281574358560537],[-106.40568742688468,23.281647463968287],[-106.40588323740556,23.28208347745972],[-106.40734683544302,23.28534238253351]]],[[[-106.40972696490688,23.28297552493586],[-106.41026583835857,23.28355404510926],[-106.41028592751286,23.283567702535787],[-106.40972696490688,23.28297552493586]]]]},"properties":{"ID":1674,"ENTIDAD":25,"MUNICIPIO":12,"NOMBRE":"JESUS OSUNA","CLASIFICAC":1,"CP":82134,"OTROS_CP":"","CONTROL":2219,"Geometry1_":"1=X_89m"}},
{"type":"Feature","geometry":{"type":"Polygon","coordinates":[[[-106.38722601829208,23.26988634966244],[-106.38719068810018,23.269579030558972],[-106.38717460654483,23.26946364217731],[-106.38717466953473,23.26908213971353],[-106.38718873021392,23.268612482516787],[-106.38716707397174,23.268135845533962],[-106.38706005096661,23.267895344185565],[-106.3868672180959,23.268000489175755],[-106.38640466702364,23.267977019240416],[-106.3861742572849,23.268140568128377],[-106.3861742459675,23.268140571430763],[-106.38594653275226,23.26820701723993],[-106.38589346739593,23.26824765492665],[-106.38565016759361,23.26843397446975],[-106.38488456159257,23.268382196068316],[-106.38487218302272,23.268779360135113],[-106.38486419461017,23.269212708313347],[-106.38472793806356,23.269410786016994],[-106.38459546757585,23.269424946557937],[-106.3832974947886,23.269396497585394],[-106.3833063843142,23.269437485131355],[-106.38334204095985,23.2696018893819],[-106.3833744358126,23.269751253880013],[-106.38390672586976,23.269756195673235],[-106.38390672586976,23.26975619567327],[-106.38390295020392,23.269853374214826],[-106.38403402252243,23.269938821279432],[-106.38403402252243,23.269938821279446],[-106.38420296519506,23.269940156559],[-106.38436778660962,23.269855898371866],[-106.38477765985779,23.26982885690885],[-106.38475852731064,23.26997277965495],[-106.38475852731064,23.269972779654978],[-106.38533565465303,23.270031581248215],[-106.38573813364242,23.269926841065203],[-106.38633635267804,23.2699119141805],[-106.38722601826828,23.269886349663135],[-106.38722601829208,23.26988634966244]]]},"properties":{"ID":1688,"ENTIDAD":25,"MUNICIPIO":12,"NOMBRE":"EMILIO GOICOCHEA LUNA","CLASIFICAC":1,"CP":82036,"OTROS_CP":"","CONTROL":1868,"Geometry1_":"1=X_8D/"}},
{"type":"Feature","geometry":{"type":"Polygon","coordinates":[[[-106.38232125583382,23.267523784625904],[-106.38102856248494,23.26745688115817],[-106.38050102603695,23.26722662883536],[-106.38046814202089,23.26754824954309],[-106.38047140746104,23.26786516752622],[-106.38045211944957,23.26803364930544],[-106.38040863628227,23.268413478289954],[-106.38027641686998,23.268808232849352],[-106.38020270828797,23.269028296374632],[-106.3802862137467,23.26948283325494],[-106.38043292072793,23.27068995548307],[-106.38050758668014,23.271271786904485],[-106.38050193137062,23.271302719945524],[-106.38058699623487,23.27129778308012],[-106.38169310710767,23.27191238167547],[-106.38209419143384,23.272144252536442],[-106.3823181828125,23.272395011024436],[-106.38334417316885,23.27142705521526],[-106.38370118258244,23.271065874853416],[-106.38360931898278,23.27069627722333],[-106.38351689473173,23.270324421532408],[-106.38339832291457,23.26986139103622],[-106.3833744358126,23.26975125388006],[-106.3833744358126,23.269751253880013],[-106.38334204095985,23.2696018893819],[-106.3833063843142,23.269437485131355],[-106.3832974947886,23.269396497585394],[-106.38325128312019,23.26918342580349],[-106.38323037337689,23.269085865527376],[-106.38323037334548,23.269085865526403],[-106.3832512831298,23.269183425993862],[-106.38329749479821,23.269396497775766],[-106.3833063843238,23.26943748532173],[-106.38334204096944,23.269601889572325],[-106.38336231455654,23.269695366016016],[-106.38334204099826,23.26960189014367],[-106.38330638435264,23.269437485893075],[-106.38329749482703,23.26939649834711],[-106.3832512831586,23.269183426565025],[-106.38323037325124,23.269085865523444],[-106.38151605587547,23.269032021014795],[-106.38167172038311,23.268665282715478],[-106.3818937799826,23.268275036012714],[-106.38212228675195,23.26787345650535],[-106.38232125583382,23.267523784625904]]]},"properties":{"ID":1700,"ENTIDAD":25,"MUNICIPIO":12,"NOMBRE":"MONTE BELLO","CLASIFICAC":1,"CP":82139,"OTROS_CP":"","CONTROL":1897,"Geometry1_":"1=X_8D/"}},
{"type":"Feature","geometry":{"type":"Polygon","coordinates":[[[-106.4063388988818,23.28134289211342],[-106.40639357502052,23.281464803682045],[-106.40641418709237,23.281460256503202],[-106.40672788353397,23.282467885556983],[-106.40735964823189,23.28293226793473],[-106.40759870451625,23.283155877626218],[-106.40768567203894,23.283221116722622],[-106.40779188242823,23.28335118100485],[-106.4078365859754,23.283333771498402],[-106.40783242637865,23.283324289151704],[-106.40782253472021,23.283194493992713],[-106.40782720750188,23.28313365110165],[-106.4078318802809,23.283072808210196],[-106.40786001594547,23.282969766654322],[-106.40788815157097,23.28286672509421],[-106.4079817452365,23.282729560110717],[-106.40813020143318,23.282589176152168],[-106.40822865202072,23.28254903084782],[-106.40832710254635,23.282508885484365],[-106.40839513353505,23.282494914904397],[-106.40846316450795,23.282480944295582],[-106.40854520353058,23.282479935088617],[-106.40862724254954,23.282478925838788],[-106.40869638257519,23.28248621187081],[-106.40876552260664,23.28249349787197],[-106.40881312681137,23.283047177134307],[-106.40892528619523,23.28304851083798],[-106.40961080794125,23.282737947289455],[-106.40922618352388,23.281951260755452],[-106.40905992905556,23.28161514332148],[-106.40886612437667,23.281253308984212],[-106.40868313572145,23.28091166606972],[-106.40831210419539,23.28063964945244],[-106.4081430590818,23.280521470569155],[-106.40809370741306,23.28051720128666],[-106.4063388988818,23.28134289211342]]]},"properties":{"ID":1706,"ENTIDAD":25,"MUNICIPIO":12,"NOMBRE":"MUNDIALISTA","CLASIFICAC":1,"CP":82134,"OTROS_CP":"","CONTROL":2330,"Geometry1_":"1=X_8>"}},
{"type":"Feature","geometry":{"type":"MultiPolygon","coordinates":[[[[-106.37952555593162,23.26561000412459],[-106.3797893922909,23.266077405280303],[-106.37985883469968,23.266183575400795],[-106.37987029960793,23.26620110401632],[-106.37985883469966,23.26618357540076],[-106.3797893922909,23.26607740528026],[-106.37952555593162,23.26561000412459]]],[[[-106.37753874909279,23.264489572078368],[-106.37757880110797,23.26449471556596],[-106.37859892659796,23.264960761641653],[-106.37889493643983,23.265090966432904],[-106.37859892659797,23.26496076164162],[-106.37757880110797,23.264494715565917],[-106.37753874909279,23.264489572078368]]],[[[-106.37750133800931,23.264484769322433],[-106.37750133934288,23.26448476808981],[-106.37750133947223,23.264484767917995],[-106.37750133933352,23.26448476790019],[-106.37750133800931,23.264484769322433]]]]},"properties":{"ID":1707,"ENTIDAD":25,"MUNICIPIO":12,"NOMBRE":"EL CONCHI","CLASIFICAC":1,"CP":82139,"OTROS_CP":"","CONTROL":1915,"Geometry1_":"1=X_8D"}},
{"type":"Feature","geometry":{"type":"Polygon","coordinates":[[[-106.39267396014048,23.268818317064333],[-106.39271850487066,23.269031247353446],[-106.39278155557187,23.2693933280897],[-106.39284281778396,23.269779978979027],[-106.39290761888458,23.27011371223504],[-106.39295783614939,23.270421133509615],[-106.3929867163934,23.270588936779582],[-106.3931145546828,23.270574714356446],[-106.3932863470888,23.27055076877708],[-106.39334347875008,23.27057030251356],[-106.39389187485943,23.270487889754396],[-106.39438356956934,23.27042071724306],[-106.39566276061876,23.27025343716007],[-106.39578384363669,23.270216570990012],[-106.39587629814469,23.27020399546333],[-106.39602337802056,23.27018254541021],[-106.39626132420288,23.27014874505626],[-106.39629792128781,23.270143546391868],[-106.39630492120665,23.27014255204312],[-106.39630492188134,23.270142551947277],[-106.39664322765873,23.270094494727708],[-106.396780327573,23.27007646094364],[-106.39705373213535,23.27002631302603],[-106.3970464404199,23.269918636500968],[-106.39704644038083,23.269918635923936],[-106.3971867720043,23.2697420913551],[-106.39689419422876,23.26953926958588],[-106.39694810626987,23.26942923153701],[-106.39694437843356,23.26903385788324],[-106.39694416044799,23.268835033823446],[-106.39694460315783,23.268801239257073],[-106.39694723402962,23.26868061670503],[-106.39694873858211,23.268611634671593],[-106.39695125998227,23.268496031366794],[-106.39694950825861,23.26844062642629],[-106.39695333538732,23.26822862044885],[-106.39665141604587,23.26826731452961],[-106.396651416036,23.26826731453088],[-106.3956132028064,23.26840036770238],[-106.39535659845191,23.26845150354305],[-106.39432338191843,23.268592420194746],[-106.39313572419114,23.268766043099944],[-106.39272492068142,23.268816702003917],[-106.39267396014048,23.268818317064333]]]},"properties":{"ID":1717,"ENTIDAD":25,"MUNICIPIO":12,"NOMBRE":"JARDINES DE LA RIVIERA","CLASIFICAC":2,"CP":82136,"OTROS_CP":"","CONTROL":2308,"Geometry1_":"1=X_8D-"}},
{"type":"Feature","geometry":{"type":"Polygon","coordinates":[[[-106.3875445404047,23.278605294260096],[-106.38732431123265,23.277986647606355],[-106.38710158022509,23.27693109598145],[-106.38708600542805,23.275909573261828],[-106.3871397172702,23.275572868356427],[-106.38713971730347,23.275572867992462],[-106.38717805007016,23.27515346615816],[-106.38720347663738,23.274786525639705],[-106.38722839257098,23.27443591600738],[-106.38722672614898,23.274098020586653],[-106.3872108524836,23.27379079366834],[-106.38721085184125,23.273790781235487],[-106.38720518831819,23.273681166025792],[-106.38720518831819,23.27368116602575],[-106.38719497764592,23.273483541867545],[-106.38719497764592,23.273483541867506],[-106.38719494376627,23.273372444515704],[-106.38719490020848,23.273229585487588],[-106.38719486924238,23.27312800688409],[-106.38719486924238,23.273128006884054],[-106.38717445555369,23.27273104324205],[-106.38720450344464,23.27229708603731],[-106.3871819436206,23.271873141727585],[-106.3871819436206,23.27187314172756],[-106.38718229799616,23.27145010306383],[-106.3871798454349,23.271042426027087],[-106.3871798454349,23.27104242602706],[-106.38718255136811,23.270627162833623],[-106.38718255136811,23.27062716283359],[-106.38718265019531,23.27024185613823],[-106.38718265019531,23.2702418561382],[-106.38722601829208,23.26988634966248],[-106.38722601829208,23.26988634966244],[-106.38722601826828,23.269886349663135],[-106.38633635267804,23.2699119141805],[-106.38573813364242,23.269926841065203],[-106.38533565465303,23.270031581248215],[-106.38533458023893,23.270093403984028],[-106.38533725532267,23.27035208294406],[-106.38534726124213,23.270456056714412],[-106.38535293357442,23.270761413817155],[-106.3853534859485,23.270870855561],[-106.38534238511113,23.271173201334456],[-106.38534272293283,23.27124229970469],[-106.38536877112352,23.271552515300034],[-106.38536102327784,23.271638657996995],[-106.38537932362277,23.271953844429007],[-106.38538514497111,23.27197635501792],[-106.38391927264476,23.271943313846034],[-106.38382746015958,23.271573927450827],[-106.38379890546905,23.271459043748685],[-106.38370118258244,23.271065874853416],[-106.38334417316885,23.27142705521526],[-106.3823181828125,23.272395011024436],[-106.38254099464287,23.272916232418012],[-106.38334854931519,23.27351367443162],[-106.38436153117127,23.274008032549506],[-106.38527161570417,23.27550626878459],[-106.38638365637476,23.27902635391969],[-106.3875445404047,23.278605294260096]]]},"properties":{"ID":1718,"ENTIDAD":25,"MUNICIPIO":12,"NOMBRE":"BUENOS AIRES","CLASIFICAC":1,"CP":32189,"OTROS_CP":"","CONTROL":2320,"Geometry1_":"1=X_8D/"}},
{"type":"Feature","geometry":{"type":"Polygon","coordinates":[[[-106.39302830574105,23.270839413486478],[-106.39212268365672,23.27105731254628],[-106.39242180563475,23.271051119526067],[-106.39212268105206,23.271057313172975],[-106.39210566906988,23.27149526175795],[-106.39210566906989,23.271495261757963],[-106.3921186748758,23.271887327987006],[-106.39211867487579,23.271887327987045],[-106.39213474829063,23.27228513139612],[-106.39213474829063,23.272285131396156],[-106.39214032122928,23.272736262486625],[-106.39214032122928,23.272736262486656],[-106.39214143621268,23.2731334026472],[-106.39214143621268,23.273133402647247],[-106.39213621474559,23.273461210766524],[-106.39213544316574,23.273509651305428],[-106.39256372837288,23.273537086639635],[-106.39275822906379,23.273498526529245],[-106.39329989120012,23.273540594444945],[-106.3948561363678,23.2735551652555],[-106.39498945161544,23.273481659131107],[-106.3950696064802,23.27308793582731],[-106.39513373020344,23.272710104314374],[-106.39519458998413,23.272386174427194],[-106.39528841651311,23.272154159860886],[-106.39534231358428,23.271784681181916],[-106.39544061008303,23.271544803097385],[-106.39540630181094,23.271503955771923],[-106.39540630141173,23.271503955296673],[-106.39540630141177,23.271503955296673],[-106.39540630141173,23.271503955296623],[-106.39487793987333,23.271509999243705],[-106.39445182945902,23.27148790060488],[-106.3941588095941,23.271564168038047],[-106.39403832941187,23.271715940880966],[-106.3937224709119,23.272113836211666],[-106.39348479169637,23.2724132451181],[-106.39336523832564,23.272357430171237],[-106.3933424132276,23.272356089146736],[-106.39333506648161,23.271889991577023],[-106.39333002698969,23.271405506971227],[-106.39332283311835,23.271193457785472],[-106.3932704738296,23.271037668738213],[-106.39317875651425,23.27084310701937],[-106.39310056457707,23.27082085490768],[-106.39302976120078,23.27083903967425],[-106.39302976113878,23.27083903969017],[-106.39302830574105,23.270839413486478]],[[-106.39303394441127,23.270863345686983],[-106.39303394450786,23.270863346248262],[-106.39284436832907,23.270893439720595],[-106.39303394441127,23.270863345686983]]]},"properties":{"ID":1746,"ENTIDAD":25,"MUNICIPIO":12,"NOMBRE":"13 DE SEPTIEMBRE","CLASIFICAC":1,"CP":82136,"OTROS_CP":"","CONTROL":1971,"Geometry1_":"1=X_8D/"}},
{"type":"Feature","geometry":{"type":"MultiPolygon","coordinates":[[[[-106.39495653176428,23.27518951744723],[-106.3946782347892,23.274828045096],[-106.39481037139394,23.274276402232093],[-106.39487698353341,23.274084381889622],[-106.39487698375237,23.274084381258426],[-106.39507890571389,23.2740863929472],[-106.39507890847345,23.2740863926855],[-106.39597848892068,23.274001081656547],[-106.39684456239297,23.27403082337315],[-106.3968453387327,23.274002445755606],[-106.39684766645541,23.273917360295854],[-106.39684096589673,23.2727172097939],[-106.39684096588766,23.27271720979806],[-106.3968409658604,23.272717209810576],[-106.39656094139507,23.272845773194238],[-106.39644067235943,23.27273535591668],[-106.39644066636592,23.272735348781605],[-106.39644026631876,23.272734981498132],[-106.39552312048623,23.271643039595936],[-106.39544061008303,23.271544803097385],[-106.39534231358428,23.271784681181916],[-106.39528841651311,23.272154159860886],[-106.39519458998413,23.272386174427194],[-106.39513373020344,23.272710104314374],[-106.3950696064802,23.27308793582731],[-106.39498945161544,23.273481659131107],[-106.3948561363678,23.2735551652555],[-106.39329989120012,23.273540594444945],[-106.39275822906379,23.273498526529245],[-106.39256372837288,23.273537086639635],[-106.39213544316574,23.273509651305428],[-106.39207900174407,23.273776525945273],[-106.39204669603463,23.27407901668419],[-106.39198202538354,23.274405021744165],[-106.39174245108197,23.275020025489805],[-106.39172938872757,23.275053557292917],[-106.39172938888538,23.275053557321694],[-106.39202547051761,23.275107556304018],[-106.39258476086299,23.275209557287543],[-106.39276558086283,23.275208219955523],[-106.39276558488505,23.275208219925773],[-106.39440622369837,23.275196076354252],[-106.39440622396972,23.275196076351012],[-106.39495653176428,23.27518951744723]]],[[[-106.39644066899287,23.27273535119339],[-106.39644067231879,23.272735355152815],[-106.39652651071427,23.272814162441566],[-106.39644066899287,23.27273535119339]]]]},"properties":{"ID":1747,"ENTIDAD":25,"MUNICIPIO":12,"NOMBRE":"PRESAS DEL VALLE","CLASIFICAC":1,"CP":82134,"OTROS_CP":"","CONTROL":1972,"Geometry1_":"1=X_8D-"}},
{"type":"Feature","geometry":{"type":"Polygon","coordinates":[[[-106.38280703609315,23.28353045299724],[-106.38277046151563,23.28347099741385],[-106.38277046117956,23.283470996867546],[-106.38272631369239,23.283399230685998],[-106.38272631360077,23.283399230537075],[-106.38274867755322,23.283246387091808],[-106.3827588362181,23.283176958958997],[-106.38269911479973,23.283039207625233],[-106.3824211337095,23.282398021828172],[-106.38226449401567,23.28222826316464],[-106.38219136655952,23.282149010889512],[-106.38215013295687,23.282122486734888],[-106.38189322095911,23.281957223610494],[-106.38156889744367,23.281672052535782],[-106.38129108484418,23.281354661010358],[-106.3811204718646,23.28088124480923],[-106.38112047171356,23.280881244390123],[-106.38106646954613,23.280628499057258],[-106.38080103097779,23.280471311844494],[-106.380454857491,23.280272050542006],[-106.38039770314626,23.280239904758986],[-106.38037200101931,23.2802254488905],[-106.38004810900892,23.280043278873002],[-106.38001026397406,23.280005109422024],[-106.37988310555906,23.27987686074076],[-106.37988310474371,23.279876859918428],[-106.37972227853751,23.27964165393295],[-106.37967047173268,23.279538312618335],[-106.3795484125101,23.27929097329359],[-106.37933033502127,23.27890648276668],[-106.37933032836447,23.278906471030087],[-106.37919248020063,23.278576465947605],[-106.37916811678377,23.278524328913914],[-106.37916811257676,23.278524319911014],[-106.37900408359518,23.278173301218132],[-106.37893971203691,23.278006418443518],[-106.37890213217923,23.277908992726765],[-106.37890213195627,23.277908992888836],[-106.37771465767298,23.278772158721537],[-106.37769416101418,23.27882070991797],[-106.37731637321167,23.279050133115994],[-106.37728415123547,23.279091690301808],[-106.37749089811356,23.279415983140062],[-106.37773738931904,23.279746557037644],[-106.37797403001696,23.28010711144303],[-106.37817696441884,23.280436004945944],[-106.378411570782,23.280788734034875],[-106.3786670250032,23.28118331388675],[-106.37866805735621,23.282152843576455],[-106.3789767538502,23.282575983289284],[-106.37919795271308,23.282924153249617],[-106.37943613647599,23.283289279083863],[-106.37966099736741,23.28364898745323],[-106.37987789116774,23.283976459176827],[-106.38011797452765,23.284308415221968],[-106.38035536959048,23.28468989621613],[-106.38060128476818,23.284984802399148],[-106.38164530038156,23.286396812794095],[-106.38251970671668,23.285844813703942],[-106.38256336143725,23.285777553859436],[-106.38338915068589,23.28450522675249],[-106.38361034131114,23.284127612018096],[-106.38361034169243,23.284127611367143],[-106.38339154336056,23.284087774433154],[-106.3831951775166,23.2840520215322],[-106.3831098320544,23.28403588229717],[-106.38310983178789,23.284035882246766],[-106.38291970892982,23.28372687198374],[-106.38282166992873,23.28355596373862],[-106.38280703609315,23.28353045299724]]]},"properties":{"ID":1781,"ENTIDAD":25,"MUNICIPIO":12,"NOMBRE":"PRADERA DORADA ETAPA 6","CLASIFICAC":2,"CP":82181,"OTROS_CP":"","CONTROL":2033,"Geometry1_":"1=X_8>"}},
{"type":"Feature","geometry":{"type":"MultiPolygon","coordinates":[[[[-106.39846107667196,23.289893503710065],[-106.39846126747727,23.289893509223607],[-106.39928800057834,23.289893891541826],[-106.40068486954284,23.28995774700606],[-106.4011930321642,23.289433971514246],[-106.40211573932359,23.288239539025806],[-106.40203408299048,23.288252543194886],[-106.401987690491,23.288186987921474],[-106.40207263531202,23.288023994379234],[-106.40186471285534,23.2875291688629],[-106.40179578231238,23.287353225745786],[-106.40149085471107,23.287188924536725],[-106.40124763083176,23.287072894487608],[-106.40089938452287,23.28702204280534],[-106.40076453588387,23.28701306971123],[-106.39938000912849,23.289040228045693],[-106.39936260904834,23.28906597726327],[-106.39908535085165,23.28947627163764],[-106.39846107667196,23.289893503710065]]],[[[-106.40068486954284,23.28995774700606],[-106.39928800061958,23.289893892316886],[-106.39846129473747,23.28989351001132],[-106.40068486954277,23.289957747006092],[-106.40068486954284,23.28995774700609],[-106.40068486954284,23.28995774700606]]]]},"properties":{"ID":1795,"ENTIDAD":25,"MUNICIPIO":12,"NOMBRE":"SAN FRANCISCO 2","CLASIFICAC":1,"CP":82129,"OTROS_CP":"","CONTROL":2053,"Geometry1_":"1=X_89M"}},
{"type":"Feature","geometry":{"type":"Polygon","coordinates":[[[-106.38370118258244,23.271065874853416],[-106.38379890546905,23.271459043748685],[-106.38382746015958,23.271573927450827],[-106.38391927264476,23.271943313846034],[-106.38538514497111,23.27197635501792],[-106.38537932362277,23.271953844429007],[-106.38536102327784,23.271638657996995],[-106.38536877112352,23.271552515300034],[-106.38534272293283,23.27124229970469],[-106.38534238511113,23.271173201334456],[-106.3853534859485,23.270870855561],[-106.38535293357442,23.270761413817155],[-106.38534726124213,23.270456056714412],[-106.38533725532267,23.27035208294406],[-106.38533458023893,23.270093403984028],[-106.38533565465303,23.270031581248215],[-106.38475852731064,23.269972779654978],[-106.38475852731064,23.26997277965495],[-106.38477765985779,23.26982885690885],[-106.38436778660962,23.269855898371866],[-106.38420296519506,23.269940156559],[-106.38403402252243,23.269938821279446],[-106.38403402252243,23.269938821279432],[-106.38390295020392,23.269853374214826],[-106.38390672586976,23.26975619567327],[-106.38390672586976,23.269756195673235],[-106.3833744358126,23.269751253880013],[-106.3833744358126,23.26975125388006],[-106.38339832291457,23.26986139103622],[-106.38351689474136,23.27032442172297],[-106.38360931898278,23.27069627722333],[-106.38370118258244,23.271065874853416]]]},"properties":{"ID":1797,"ENTIDAD":25,"MUNICIPIO":12,"NOMBRE":"LIDERES EN ACCION","CLASIFICAC":1,"CP":82036,"OTROS_CP":"","CONTROL":2069,"Geometry1_":"1=X_8D/"}},
{"type":"Feature","geometry":{"type":"Polygon","coordinates":[[[-106.42559661046212,23.288217779498027],[-106.4255966354039,23.288217767302665],[-106.42577798161649,23.288129097331005],[-106.42579716578786,23.287579005957973],[-106.42579134241083,23.28748876000534],[-106.42573004406371,23.286538797383155],[-106.42576618653057,23.285972844622847],[-106.42547907373924,23.28525437441924],[-106.42529608770214,23.28486606614223],[-106.42515637645455,23.284467050691706],[-106.42505710575237,23.284165889957993],[-106.42490787881071,23.28419457517981],[-106.42480950763147,23.284213484544303],[-106.424020883495,23.28442944021361],[-106.42394854094499,23.284439900467927],[-106.42376440110358,23.2844999981171],[-106.42399414804945,23.286109902053305],[-106.42399414804945,23.28610990205334],[-106.423994292174,23.28613143849539],[-106.42404768857168,23.2864472997644],[-106.42404768857168,23.286447299764426],[-106.42405277674217,23.286517927026335],[-106.42405277674217,23.286517927026367],[-106.42408904449287,23.286845701501782],[-106.42409788118624,23.28687891022408],[-106.42409788118624,23.28687891022412],[-106.42416516064655,23.287253625443917],[-106.42417370407018,23.287324252278104],[-106.42417370407018,23.28732425227812],[-106.42427195344189,23.287969701332347],[-106.42427195344189,23.287969701332383],[-106.42433226864928,23.288456315879706],[-106.42474941829785,23.288408832777503],[-106.42487793862271,23.288394203401047],[-106.42510242484587,23.288324588991344],[-106.42510242910568,23.28832458767035],[-106.42510253244089,23.28832456533654],[-106.42559661046212,23.288217779498027]]]},"properties":{"ID":1801,"ENTIDAD":25,"MUNICIPIO":12,"NOMBRE":"RESIDENCIAL COTO PLATINO","CLASIFICAC":2,"CP":82128,"OTROS_CP":"","CONTROL":2077,"Geometry1_":"1=X_88x"}},
{"type":"Feature","geometry":{"type":"MultiPolygon","coordinates":[[[[-106.38997522743193,23.289038962810434],[-106.39006411738782,23.289062102177233],[-106.3903981434157,23.28914906428459],[-106.39117223970271,23.28910812776456],[-106.39194633700666,23.289067210993345],[-106.39265919370656,23.289073767649462],[-106.39369190051507,23.290687659783025],[-106.39383847339124,23.290649196754764],[-106.39429570914047,23.290522498743496],[-106.39429570916806,23.290522498540298],[-106.39481687279107,23.2866846623938],[-106.39466637028356,23.28668488354778],[-106.39415806211017,23.286668488834998],[-106.39394634480547,23.286661232385068],[-106.39363732508724,23.286650640260365],[-106.39314659111005,23.28663571528481],[-106.39264580336402,23.286661129680237],[-106.39210695773211,23.2866857186778],[-106.39210695639359,23.286685719325735],[-106.39160019254284,23.286931026867904],[-106.39124482454487,23.287133768983907],[-106.39068208970772,23.287527782750743],[-106.39056969878354,23.28759317355774],[-106.39029837449527,23.287911280959513],[-106.3902278373683,23.28802845222954],[-106.39012627028535,23.288216674028696],[-106.39006775165785,23.28846751224485],[-106.39003499482087,23.288626464152163],[-106.38998955176929,23.288940100012688],[-106.38997522743193,23.289038962810434]]],[[[-106.38997206872264,23.289061040296914],[-106.39033669456579,23.289179195535777],[-106.39111648170852,23.28915626930116],[-106.39190265281471,23.28921791848054],[-106.39159946343533,23.28969715330603],[-106.39075358285255,23.29029096980773],[-106.39117368036499,23.29134845582192],[-106.39369190012467,23.29068765988547],[-106.39265919374665,23.289073768423986],[-106.39194633704666,23.289067211767872],[-106.39117223974256,23.289108128539],[-106.39039814345546,23.28914906505904],[-106.39006411742753,23.289062102951586],[-106.38997522732589,23.289038963546844],[-106.38997206872264,23.289061040296914]]]]},"properties":{"ID":1808,"ENTIDAD":25,"MUNICIPIO":12,"NOMBRE":"LOMAS DE DON JORGE","CLASIFICAC":1,"CP":82129,"OTROS_CP":"","CONTROL":2052,"Geometry1_":"1=X_89N"}},
{"type":"Feature","geometry":{"type":"MultiPolygon","coordinates":[[[[-106.41552205057587,23.27095409323919],[-106.41592974922945,23.2688477475045],[-106.4159297492757,23.268847747512698],[-106.41636777602638,23.266584659407776],[-106.41644794096887,23.26617046414627],[-106.41472322620594,23.26463662858692],[-106.41371262494702,23.263737847380362],[-106.41352644158319,23.263811884870254],[-106.41301166387902,23.263878711600462],[-106.4130116637232,23.263878711432415],[-106.41301166384508,23.263878711604864],[-106.41301166425,23.26387871217778],[-106.41354121788409,23.26462795548198],[-106.41358254871477,23.264879957100494],[-106.41217755833267,23.265096061983773],[-106.41373502993801,23.26485849548986],[-106.413707113979,23.2646287215319],[-106.41370590648899,23.26462741932161],[-106.41370711397929,23.264628721531896],[-106.41373502993801,23.26485849548986],[-106.41217755832506,23.265096062176365],[-106.41204729437017,23.265111144101287],[-106.41204729429612,23.26511114411915],[-106.41197031508095,23.265363789092152],[-106.41186788489762,23.26579863847276],[-106.41176845639178,23.266220742314985],[-106.41169779513028,23.266520719110186],[-106.41162210838364,23.266842029145533],[-106.41154391978453,23.26724913779697],[-106.41154391988223,23.267249137780897],[-106.4117561365276,23.26721421672685],[-106.41185892744504,23.2673069068778],[-106.41264653387493,23.267652636323902],[-106.41274747276154,23.267167588669075],[-106.41282962695898,23.267197121513945],[-106.41301884348371,23.267209502385096],[-106.41279747966432,23.268099510839935],[-106.41272607884711,23.26831694737335],[-106.41264230206862,23.26867780751128],[-106.41258299102505,23.26896081157535],[-106.41250639806489,23.269323811284444],[-106.41249386632597,23.26956629063123],[-106.41244743134483,23.26981567440351],[-106.41240814020694,23.26997646106182],[-106.41234537524039,23.27023644631988],[-106.41249057552125,23.270265220287545],[-106.41338037170914,23.2704234373816],[-106.41364100130885,23.270549905104627],[-106.41375645131804,23.270574695328108],[-106.4141665721707,23.270662758539963],[-106.4155055861826,23.270950554605022],[-106.41552205057587,23.27095409323919]]],[[[-106.41371262493607,23.263737847190864],[-106.41371262514532,23.263737847376962],[-106.41472322620594,23.26463662858692],[-106.41644794095785,23.266170463956357],[-106.41688884720158,23.26451019450583],[-106.41688884720158,23.264510194505792],[-106.41710926766103,23.263680166388724],[-106.41371262493614,23.263737847190825],[-106.41371262493607,23.263737847190864]]],[[[-106.41301166372146,23.263878711429967],[-106.41352644158319,23.263811884870254],[-106.4137125583613,23.26373787366497],[-106.41352644157229,23.263811884680692],[-106.41301166372146,23.263878711429967]]]]},"properties":{"ID":1824,"ENTIDAD":25,"MUNICIPIO":12,"NOMBRE":"SIN NOMBRE","CLASIFICAC":1,"CP":82129,"OTROS_CP":"","CONTROL":2109,"Geometry1_":"1=X_8C"}},
{"type":"Feature","geometry":{"type":"Polygon","coordinates":[[[-106.44348117918628,23.284738607356715],[-106.44188277660274,23.286125837049326],[-106.44139959403103,23.28665339062344],[-106.44123097671022,23.286887827692947],[-106.44112964730623,23.28683340590583],[-106.44052998978134,23.28651134077003],[-106.44025240677003,23.287020510637987],[-106.44074918917119,23.287435871354482],[-106.44076194097738,23.287446533107286],[-106.43953456837113,23.28912143963165],[-106.43939324922317,23.28931428446548],[-106.43939471833797,23.289315416128908],[-106.43970081972179,23.289551206177894],[-106.43981885011266,23.28945496633391],[-106.44122360773521,23.28846578513502],[-106.4411733359209,23.288269755374582],[-106.44186957578603,23.288088939664526],[-106.44276185370776,23.28782385882757],[-106.44307948424454,23.28762609781028],[-106.44326988871723,23.28765511510657],[-106.44375178463041,23.287209387063957],[-106.44454240591205,23.286529434642162],[-106.44418285989495,23.28594063163115],[-106.44383639696865,23.285351707204686],[-106.44348117918628,23.284738607356715]]]},"properties":{"ID":1825,"ENTIDAD":25,"MUNICIPIO":12,"NOMBRE":"MARINA UNIVERSIDAD","CLASIFICAC":2,"CP":82100,"OTROS_CP":"","CONTROL":2110,"Geometry1_":"1=X_88V"}},
{"type":"Feature","geometry":{"type":"Polygon","coordinates":[[[-106.41305502485233,23.274888734446037],[-106.41448718904446,23.275201333205175],[-106.41448746562496,23.275201393573035],[-106.41448746562496,23.275201393573],[-106.4146995519714,23.2744377177682],[-106.41494337683001,23.273405034930995],[-106.41494337695872,23.273405034385885],[-106.4148352815785,23.27305055246205],[-106.41346057921236,23.27279155288923],[-106.4135026042704,23.27232271935214],[-106.41334034483504,23.27162011894667],[-106.41331571585762,23.27145744702331],[-106.41242748502752,23.271259654565345],[-106.41235858679563,23.271583364807267],[-106.41234636148529,23.27164825696038],[-106.41234291888087,23.271670859731884],[-106.41231399403206,23.271787774851436],[-106.41261481257287,23.271862175207232],[-106.4124644032818,23.27249457627024],[-106.41197846565953,23.27239360511165],[-106.41193370318575,23.272503867521706],[-106.41183677392253,23.272483959142185],[-106.41181794242927,23.272512144378215],[-106.41180087483818,23.27253723316537],[-106.41180285374176,23.272563604634488],[-106.41110893124777,23.27246327512398],[-106.41110893155229,23.27246327535736],[-106.41150478194767,23.272766652438495],[-106.41150478188848,23.272766652818785],[-106.41149824805133,23.272808635357645],[-106.41116429193502,23.27397741867876],[-106.41147673530128,23.274086580162],[-106.4114678074555,23.274137031679487],[-106.411806130004,23.274223899674958],[-106.41186581137863,23.274191370406903],[-106.41247578765615,23.27454062354216],[-106.41305502485233,23.274888734446037]]]},"properties":{"ID":1826,"ENTIDAD":25,"MUNICIPIO":12,"NOMBRE":"SIN NOMBRE","CLASIFICAC":1,"CP":82129,"OTROS_CP":"","CONTROL":2111,"Geometry1_":"1=X_8C"}},
{"type":"Feature","geometry":{"type":"Polygon","coordinates":[[[-106.38489712881176,23.256511410007455],[-106.38480064415822,23.256503839335064],[-106.38416181184989,23.256591156405452],[-106.38374961856769,23.25678818215154],[-106.38330620977217,23.256980329255484],[-106.38234430197913,23.257412129374032],[-106.38229899378764,23.25753876760089],[-106.38233208994865,23.257576554839552],[-106.38240121925718,23.257658429844177],[-106.38293479140486,23.257623991273665],[-106.38395728289073,23.257436318446537],[-106.38399847107,23.257457802903676],[-106.38404563739084,23.25736367384572],[-106.3842291505281,23.257022265481034],[-106.38436160757726,23.25680914901899],[-106.38448456972928,23.256729184477397],[-106.38482280930619,23.256682454092406],[-106.38489712881176,23.256511410007455]]]},"properties":{"ID":1834,"ENTIDAD":25,"MUNICIPIO":12,"NOMBRE":"AMPLIACION BUGAMBILIAS LA ESPERANZA","CLASIFICAC":1,"CP":82139,"OTROS_CP":"","CONTROL":2127,"Geometry1_":"1=X_8D+"}},
{"type":"Feature","geometry":{"type":"Polygon","coordinates":[[[-106.42670730222,23.283505775839416],[-106.42607124685753,23.281878064650506],[-106.42580339889174,23.281484303583778],[-106.42553363934807,23.281571190095576],[-106.42463445279333,23.2819723061318],[-106.42437547842228,23.282081825317757],[-106.42515408923944,23.28389335688926],[-106.42670730222,23.283505775839416]]]},"properties":{"ID":1842,"ENTIDAD":25,"MUNICIPIO":12,"NOMBRE":"PORTOVERA","CLASIFICAC":2,"CP":82128,"OTROS_CP":"","CONTROL":2142,"Geometry1_":"1=X_88Zp"}},
{"type":"Feature","geometry":{"type":"Polygon","coordinates":[[[-106.42709581806619,23.2834673330409],[-106.42715489279463,23.283447405529422],[-106.4275666417224,23.28330851065467],[-106.42822482574346,23.28293263977253],[-106.42918669908899,23.28263461479865],[-106.42924558654329,23.282564388365053],[-106.42852743717195,23.280524842320332],[-106.42836008154013,23.28049726180491],[-106.42775708884197,23.28069573941648],[-106.4268944163368,23.281515502433567],[-106.42698900335489,23.28196381108299],[-106.42650852502399,23.282167824572817],[-106.42694252916925,23.283348430996018],[-106.42709581806619,23.2834673330409]]]},"properties":{"ID":1843,"ENTIDAD":25,"MUNICIPIO":12,"NOMBRE":"ATLANTICO COTO RESIDENCIAL","CLASIFICAC":2,"CP":82128,"OTROS_CP":"","CONTROL":2143,"Geometry1_":"1=X_8>"}},
{"type":"Feature","geometry":{"type":"Polygon","coordinates":[[[-106.43277809265675,23.296633824219267],[-106.43320349474642,23.297808044755868],[-106.4329887311739,23.299555266863543],[-106.43301432606796,23.299968823342688],[-106.43392830786779,23.301488860589423],[-106.43530237170252,23.302708850199604],[-106.4366159789065,23.301710514217145],[-106.43708989956076,23.301165988929785],[-106.43731944313706,23.301038294717134],[-106.43750189978174,23.300725537974213],[-106.43746448548461,23.30050269206215],[-106.43767666070933,23.3002862535872],[-106.43796576062802,23.300223152578756],[-106.43832670517037,23.299268862986693],[-106.43829149437383,23.29859961919028],[-106.4383227890486,23.29825322753003],[-106.4355332623772,23.296211088028045],[-106.43505737647435,23.29568567411454],[-106.43464357756818,23.296084617935747],[-106.43401416362644,23.296323877330952],[-106.43277809265675,23.296633824219267]]]},"properties":{"ID":1854,"ENTIDAD":25,"MUNICIPIO":12,"NOMBRE":"SONTERRA","CLASIFICAC":2,"CP":82128,"OTROS_CP":"","CONTROL":2141,"Geometry1_":"1=X_88p"}},
{"type":"Feature","geometry":{"type":"Polygon","coordinates":[[[-106.38542621767652,23.296110515208497],[-106.38548554260792,23.29602372690026],[-106.38569968063699,23.295137074152887],[-106.38549338324162,23.29363252776202],[-106.38484046223746,23.29280380279042],[-106.383414526136,23.293663151884058],[-106.37920337720396,23.296291381128494],[-106.37979791480267,23.29703899639816],[-106.3810116198113,23.29792023484337],[-106.38144618284294,23.298473956691147],[-106.38227241183226,23.298019229976937],[-106.38325176823817,23.297614428593864],[-106.38452647334675,23.296881133947505],[-106.38542621767652,23.296110515208497]]]},"properties":{"ID":1941,"ENTIDAD":25,"MUNICIPIO":12,"NOMBRE":"MONTE VERDE","CLASIFICAC":2,"CP":82134,"OTROS_CP":"","CONTROL":2013,"Geometry1_":"1=X_89O"}},
{"type":"Feature","geometry":{"type":"MultiPolygon","coordinates":[[[[-106.41272607884711,23.26831694737335],[-106.41252737220987,23.2682772866313],[-106.41212290686201,23.26815472660904],[-106.41159797567964,23.268028619240763],[-106.41163241144835,23.267939535036543],[-106.41159307696503,23.26779131166208],[-106.41167284894318,23.267539581562005],[-106.4116728488826,23.267539581528904],[-106.41150567677897,23.267448259474737],[-106.41150567669334,23.26744825942794],[-106.41154391978453,23.26724913779697],[-106.41162210838364,23.266842029145533],[-106.41169779513028,23.266520719110186],[-106.41176845639178,23.266220742314985],[-106.41186788489762,23.26579863847276],[-106.41197031508095,23.265363789092152],[-106.41204729429612,23.26511114411915],[-106.4119635331755,23.265131341434447],[-106.41150302464719,23.265195927991734],[-106.41133669845236,23.265222613430524],[-106.411503024524,23.265195927344404],[-106.41133669367673,23.265222614196723],[-106.41128894570463,23.26523027505702],[-106.41081181242625,23.265285990473675],[-106.410811812426,23.265285990473714],[-106.40958110691682,23.265425950945207],[-106.40958110691518,23.265425950945414],[-106.40958110691518,23.265425950945392],[-106.409581106915,23.265425950945414],[-106.40958110691521,23.265425950942024],[-106.40963858999592,23.264554409767022],[-106.40963858997397,23.264554409766998],[-106.40959337572,23.26455435398552],[-106.40958716620266,23.264995487776755],[-106.40959337571962,23.264554353985524],[-106.40959337572,23.26455435398552],[-106.40963858998452,23.264554409606905],[-106.40963859000648,23.264554409606934],[-106.40964188364691,23.264504472224278],[-106.40964188363354,23.26450447207495],[-106.40962521509063,23.264318286248177],[-106.40804237365876,23.264523718520127],[-106.40821738560335,23.264501005731343],[-106.40804237368002,23.264523718899436],[-106.4079947640807,23.264532431469352],[-106.40797095704382,23.264536788349556],[-106.40806204105093,23.264992003373248],[-106.40823047878504,23.265185236767888],[-106.40850045955479,23.265668755893206],[-106.40850045958072,23.265668755939654],[-106.40847554850069,23.265902908392064],[-106.40845063735672,23.266137060838],[-106.40842441303519,23.266358916543307],[-106.40842674241496,23.2665805160387],[-106.4084214403528,23.266738066431046],[-106.40841803853198,23.266839151258523],[-106.40840279193668,23.267018695041052],[-106.4083828328465,23.26729326126581],[-106.4083778569886,23.26733590194588],[-106.4083778569886,23.267335901945923],[-106.40836187539527,23.2674728562805],[-106.40836187539527,23.267472856280527],[-106.40836974921,23.267678575975737],[-106.40835450251845,23.267858119742765],[-106.40832273343015,23.268095855182523],[-106.4083022749867,23.268322935779068],[-106.40829290540091,23.26851825682514],[-106.40827664161613,23.268797277875375],[-106.4082543177049,23.269194017430372],[-106.40821617750699,23.269591798765994],[-106.40821617750699,23.26959179876601],[-106.40820583878893,23.26992640571019],[-106.40820513995385,23.269949023118826],[-106.4081804677682,23.270318611676345],[-106.40814582578673,23.270656919322054],[-106.4081393647853,23.270720016214792],[-106.40809153479164,23.271095080492714],[-106.40809153477092,23.271095080655268],[-106.40861392708783,23.271563496700395],[-106.40912585522551,23.271857622753174],[-106.40912585519489,23.271857622550908],[-106.40911412808923,23.271780187133647],[-106.4091141280961,23.27178018705895],[-106.40915704421788,23.27131482754699],[-106.409160150831,23.271276593828077],[-106.40916350534705,23.27123531122529],[-106.40917548986423,23.27099362522526],[-106.4091773524051,23.270968643510702],[-106.40917885933946,23.27094843143735],[-106.40918992096725,23.270800064918227],[-106.40919297829173,23.270759057843822],[-106.40919447566381,23.270738973987395],[-106.40921588774582,23.27045177897308],[-106.40921823440728,23.2704203037305],[-106.409220199972,23.270393940045725],[-106.40923982299465,23.27013074042814],[-106.40924164406302,23.2701063147749],[-106.40924390785716,23.27007595091518],[-106.40926460421375,23.269798354044095],[-106.40929456079962,23.2697620700993],[-106.4094070658198,23.269776917697186],[-106.4094730156763,23.269785621242356],[-106.40961098964522,23.26981265070171],[-106.40990826705671,23.26987088766522],[-106.41035326420761,23.269964982855246],[-106.41037705324133,23.26996872579717],[-106.4103770532442,23.269968725797625],[-106.41094253808934,23.270057697463407],[-106.41094303306564,23.27005777534052],[-106.41094303312008,23.27005777534908],[-106.41094152906433,23.270064043367427],[-106.4108687185595,23.27036747402319],[-106.4107951020911,23.27067389369402],[-106.41072381204758,23.270971354021437],[-106.41065506742791,23.271257837007543],[-106.41064389223534,23.271304407856768],[-106.41058849294944,23.271535275192296],[-106.41047151207123,23.272022771226244],[-106.41043326604608,23.272182153717548],[-106.41043326600541,23.27218215388702],[-106.41083039855452,23.272347387797126],[-106.41110893125857,23.27246327531489],[-106.41110893155229,23.27246327535736],[-106.41180285374176,23.272563604634488],[-106.41180087483818,23.27253723316537],[-106.41181794242927,23.272512144378215],[-106.41183677392253,23.272483959142185],[-106.41193370318575,23.272503867521706],[-106.41197846565953,23.27239360511165],[-106.4124644032818,23.27249457627024],[-106.41261481257287,23.271862175207232],[-106.41231399403206,23.271787774851436],[-106.41234291888087,23.271670859731884],[-106.41234636148529,23.27164825696038],[-106.41235858679563,23.271583364807267],[-106.41242748502752,23.271259654565345],[-106.41331571585762,23.27145744702331],[-106.41335644217126,23.27142119190856],[-106.41349443845813,23.271027878138643],[-106.4136123564926,23.27064332227626],[-106.41364100129361,23.270549905154358],[-106.41364100130885,23.270549905104627],[-106.41340863919072,23.270500010576235],[-106.4134085637434,23.270499994375566],[-106.4134085637434,23.270499994375548],[-106.41338037170914,23.2704234373816],[-106.41249057552125,23.270265220287545],[-106.41234537524039,23.27023644631988],[-106.41240814020694,23.26997646106182],[-106.41244743134483,23.26981567440351],[-106.41249386632597,23.26956629063123],[-106.41250639806489,23.269323811284444],[-106.41258299102505,23.26896081157535],[-106.41264230206862,23.26867780751128],[-106.41272607884711,23.26831694737335]]],[[[-106.41150302452434,23.265195927344358],[-106.411963532957,23.265131340704244],[-106.41196361369914,23.265131321235305],[-106.41196353295662,23.26513134070415],[-106.41150302452434,23.265195927344358]]]]},"properties":{"ID":1942,"ENTIDAD":25,"MUNICIPIO":12,"NOMBRE":"FRANCISCO ALARCON","CLASIFICAC":3,"CP":82129,"OTROS_CP":"","CONTROL":1167,"Geometry1_":"1=X_8D("}},
{"type":"Feature","geometry":{"type":"Polygon","coordinates":[[[-106.48591520511783,23.366626792689292],[-106.48614240290955,23.366315728416737],[-106.48619218264183,23.366236003068735],[-106.48661134396092,23.365640109150938],[-106.48718003100203,23.364784422844526],[-106.48768462976372,23.364094975923575],[-106.48772868990322,23.36402691696173],[-106.4879343556803,23.363685274873347],[-106.48800064382176,23.36359561745807],[-106.48904455037865,23.362170200498532],[-106.48889781691652,23.361843617157398],[-106.48880500663871,23.36173258652653],[-106.4887485445389,23.36169217567708],[-106.48858425656998,23.36143721843272],[-106.48841182481956,23.36103677144169],[-106.48929028545041,23.35972994755247],[-106.49173289227278,23.359380830716006],[-106.49178111689683,23.361182422196563],[-106.49632990241635,23.360127897936643],[-106.49658285161951,23.36006434491622],[-106.49794674034675,23.359742713581632],[-106.49973420937725,23.359385812347693],[-106.49991667559524,23.358611405009867],[-106.49993901592455,23.358458140311548],[-106.49992092128063,23.358275640491737],[-106.4999101809559,23.358033824790617],[-106.49981923725635,23.357792777782418],[-106.49605268175488,23.358535824494194],[-106.49600469136179,23.35665182313059],[-106.49469257113378,23.35672212935752],[-106.49463630277391,23.356729701215126],[-106.49432536742239,23.35672961655151],[-106.49429739744087,23.356447388501078],[-106.49426907836114,23.356254943996074],[-106.4942509688786,23.356027314030175],[-106.49211960361639,23.356112187770865],[-106.49203353505264,23.35611209105778],[-106.4916193918953,23.356142509287352],[-106.49157024942201,23.356144075659127],[-106.49056751741301,23.356206099933146],[-106.49011042920131,23.356228785492576],[-106.48884697648793,23.356268287495336],[-106.48702673689843,23.356364706108366],[-106.4869606046929,23.35636686148203],[-106.48692394397658,23.356385643127037],[-106.48681575707442,23.356429317857025],[-106.48699813999082,23.35709626000242],[-106.4866812989079,23.357922203044414],[-106.48646615990096,23.35821307741319],[-106.48636444035245,23.358375553218995],[-106.48630467000254,23.358504790541097],[-106.48629310467444,23.35852622603509],[-106.4857796350886,23.359477897165075],[-106.48564663122094,23.359731505952183],[-106.48447314572864,23.36209436075667],[-106.48442652054534,23.362230801824044],[-106.48433792404457,23.362646371012815],[-106.48421080434954,23.36294859378242],[-106.48540775955172,23.364234133338748],[-106.485270387464,23.364443458883542],[-106.48451388036632,23.364557738172405],[-106.48408202954613,23.364670551919588],[-106.48384041835374,23.364758355741774],[-106.4844601524741,23.365320414231512],[-106.48450214551139,23.3653584989105],[-106.48458037787753,23.36538363481955],[-106.48480430551844,23.365528000195553],[-106.48484342170151,23.36570754207496],[-106.48498423996057,23.365833221245914],[-106.48591520511783,23.366626792689292]]]},"properties":{"ID":1953,"ENTIDAD":25,"MUNICIPIO":12,"NOMBRE":"LAS PUERTAS D MAZATLAN","CLASIFICAC":2,"CP":82274,"OTROS_CP":"","CONTROL":2266,"Geometry1_":"1=X_8>"}},
{"type":"Feature","geometry":{"type":"Polygon","coordinates":[[[-106.39213544316574,23.273509651305428],[-106.39098318915873,23.273428895417574],[-106.39098318915796,23.273428895417517],[-106.39098318915711,23.27342889541753],[-106.3903190911752,23.27344187277591],[-106.39015690582698,23.273446038307114],[-106.38953402944568,23.273462034562268],[-106.38953402944513,23.273462034562275],[-106.38897777460006,23.273470842664402],[-106.38897777460006,23.27347084266438],[-106.38845080719256,23.27346234992912],[-106.38782064581866,23.273475417451884],[-106.38762065964632,23.273484414990744],[-106.38719497767441,23.27348354186761],[-106.38719497764592,23.273483541867545],[-106.38720518831819,23.27368116602575],[-106.38720518831819,23.273681166025792],[-106.38721085184125,23.273790781235487],[-106.3872108524836,23.27379079366834],[-106.38722672614898,23.274098020586653],[-106.38722839257098,23.27443591600738],[-106.38720347663738,23.274786525639705],[-106.38717805007016,23.27515346615816],[-106.38713971730347,23.275572867992462],[-106.3871397172702,23.275572868356427],[-106.38708600542805,23.275909573261828],[-106.38710158022509,23.27693109598145],[-106.38732431123265,23.277986647606355],[-106.3875445404047,23.278605294260096],[-106.3887292339488,23.278128873607464],[-106.38872923401934,23.278128873577767],[-106.38920044680188,23.277930512425467],[-106.38979023941066,23.27756271590518],[-106.39016246622667,23.276953064722797],[-106.3903924806563,23.276653723783816],[-106.39047314324333,23.27653960578681],[-106.39113029992697,23.276894554651303],[-106.39113029992699,23.27689455465132],[-106.39151578000799,23.277114628089155],[-106.39181856364337,23.27576379554612],[-106.3917293887475,23.2750535576756],[-106.39172938888538,23.275053557321694],[-106.39174245123115,23.27502002551829],[-106.39198202538354,23.274405021744165],[-106.39204669603463,23.27407901668419],[-106.39207900174407,23.273776525945273],[-106.39213544316574,23.273509651305428]]]},"properties":{"ID":1967,"ENTIDAD":25,"MUNICIPIO":12,"NOMBRE":"LA RIVIERA","CLASIFICAC":2,"CP":82136,"OTROS_CP":"","CONTROL":1914,"Geometry1_":"1=X_8D:"}},
{"type":"Feature","geometry":{"type":"Polygon","coordinates":[[[-106.39117368036499,23.29134845582192],[-106.38928436292682,23.291722377345025],[-106.38856739706283,23.291864268163867],[-106.38850624695608,23.29196326911936],[-106.38852541282488,23.292337924461677],[-106.3885535511714,23.292821033322845],[-106.3891212196365,23.29300002157562],[-106.38937250826005,23.29319314433673],[-106.39030531358708,23.29372594148415],[-106.39047419728443,23.29365709825773],[-106.39076515617937,23.293981747038774],[-106.3910693928553,23.294246671458573],[-106.39179584142045,23.294027470658307],[-106.3926252546086,23.294271310424204],[-106.39312403372082,23.294406346036347],[-106.39326374123522,23.29444207895809],[-106.39341369021294,23.294436759332992],[-106.39380064153026,23.293925433258668],[-106.39365243543695,23.29378719350586],[-106.39331691348501,23.293537477143364],[-106.39295781688965,23.293303669556362],[-106.392652352721,23.29309031837872],[-106.3926788729159,23.292942551239385],[-106.39228203407366,23.29276492103594],[-106.39197519681878,23.29254169339033],[-106.39176449290093,23.29213504684877],[-106.39161221301418,23.291601805803776],[-106.39117368036499,23.29134845582192]]]},"properties":{"ID":1977,"ENTIDAD":25,"MUNICIPIO":12,"NOMBRE":"CIMA HORIZONTE","CLASIFICAC":2,"CP":82134,"OTROS_CP":"82134","CONTROL":2354,"Geometry1_":"1=X_89n"}},
{"type":"Feature","geometry":{"type":"Polygon","coordinates":[[[-106.40387950203153,23.2620040206774],[-106.4038795035765,23.26200402010596],[-106.40393177326123,23.261957829221686],[-106.40387950396268,23.262004019963122],[-106.40394737077769,23.261978917862113],[-106.40417007346352,23.26197195387966],[-106.40512210675857,23.261963664519417],[-106.40522593763646,23.2619627601141],[-106.40621671809028,23.26195412659608],[-106.40625705357569,23.26195527653708],[-106.40630161422791,23.261950354712567],[-106.40633563916394,23.26194977163982],[-106.40742243852601,23.26193114368115],[-106.407687856987,23.26180277399928],[-106.40768785698704,23.26180277399925],[-106.40768785698707,23.261802773999253],[-106.40768785698707,23.261802773999243],[-106.40759558420659,23.261774361484463],[-106.40748185805299,23.261587287417456],[-106.406512427588,23.260878719030934],[-106.4058620534295,23.26040296680796],[-106.40495059358047,23.2597363334393],[-106.40489141332074,23.25963547818768],[-106.40489141293453,23.259635477529507],[-106.40489141280581,23.259635477310137],[-106.40482140596791,23.260102346039837],[-106.40475057190595,23.260561152200477],[-106.40450595079531,23.26095841754737],[-106.4044654364928,23.26102421263233],[-106.40443566401056,23.26107256299324],[-106.40431045788648,23.261038779688022],[-106.40391366676423,23.26099421352984],[-106.40385012593887,23.26098707675527],[-106.40367574734387,23.260993576280445],[-106.40364900318224,23.2609945730849],[-106.40364900321644,23.260994573273074],[-106.40364900325065,23.26099457346125],[-106.40364900331903,23.26099457383758],[-106.40365007833866,23.261000488896293],[-106.40365329132,23.261018167221472],[-106.40375513932584,23.261410718691685],[-106.40384474981147,23.261685582496508],[-106.40384476836081,23.261685594666417],[-106.40397427943228,23.261770564389035],[-106.40408859332287,23.261819245760705],[-106.4040885931818,23.26181924588536],[-106.40408859333331,23.261819245949894],[-106.40408859291009,23.26181924632391],[-106.40408859275857,23.261819246259382],[-106.40387950203153,23.2620040206774]],[[-106.40367574738565,23.260993577036675],[-106.40385012598065,23.26098707751147],[-106.40391366680602,23.260994214286118],[-106.40401285406861,23.261005354741755],[-106.40391366681646,23.26099421447514],[-106.4038501259911,23.260987077700584],[-106.40367574738565,23.260993577036675]],[[-106.40440436630013,23.26106411895392],[-106.40443566405246,23.26107256374954],[-106.4044431063456,23.261060477506646],[-106.40443566406293,23.26107256393856],[-106.40440436630013,23.26106411895392]]]},"properties":{"ID":1979,"ENTIDAD":25,"MUNICIPIO":12,"NOMBRE":"DEL VALLE","CLASIFICAC":2,"CP":82129,"OTROS_CP":"","CONTROL":193,"Geometry1_":"1=X_8D-"}},
{"type":"Feature","geometry":{"type":"Polygon","coordinates":[[[-106.39837059672377,23.281488083168703],[-106.39802633160262,23.281886434716228],[-106.39796210543602,23.281954047941866],[-106.39755278210717,23.282388865264988],[-106.39750139680422,23.282443450746314],[-106.3975013965104,23.282443451058427],[-106.39770116634107,23.282489826825767],[-106.39873866844134,23.28319573999933],[-106.39879354720536,23.283233078926607],[-106.39948599994119,23.283583390396632],[-106.40051046548813,23.284161406123793],[-106.4005104655718,23.284161406171005],[-106.4005682548738,23.283726744457574],[-106.40061273947929,23.2835011631853],[-106.40065644203034,23.28324360716868],[-106.4006507638563,23.282860234470224],[-106.40116916427648,23.282875728844587],[-106.40117429824603,23.282477419031984],[-106.40197938509688,23.28244030387414],[-106.40197938514815,23.282440303871777],[-106.40196501298806,23.282623247532026],[-106.40247369835218,23.28239705543609],[-106.40314290679846,23.282082550116193],[-106.40303968253326,23.281900534615357],[-106.40303968269181,23.281900534546928],[-106.40306268718548,23.281890606167334],[-106.40561617006425,23.280788533324255],[-106.40648970793187,23.280396025448802],[-106.40757195095289,23.27992434550066],[-106.40757195097918,23.279924345489203],[-106.40757037506398,23.28004923909012],[-106.40759791705885,23.280090255853846],[-106.40759791714868,23.280090255811338],[-106.40759791718867,23.28009025584932],[-106.40766240001157,23.279751359612042],[-106.40766239997023,23.279751359332995],[-106.4076133786201,23.279420378831812],[-106.4076133786314,23.27942037866789],[-106.40764824106147,23.278914437973953],[-106.40767362222373,23.278599239577158],[-106.40774328348088,23.278086919368334],[-106.4077365772906,23.27792934096432],[-106.40773657728246,23.277929340772797],[-106.40773655697839,23.277929338535184],[-106.4073772001003,23.277889735119494],[-106.40737719809414,23.277889734898398],[-106.40645071805018,23.277625376972527],[-106.40645071800809,23.27762537696051],[-106.4064507180396,23.277625376780797],[-106.40653266971569,23.277157754405312],[-106.40657306256054,23.276744412276017],[-106.40663576759236,23.27627615239127],[-106.40669440166606,23.27580985786791],[-106.40671244410511,23.275478264086882],[-106.40672693317659,23.275354117061507],[-106.40674724932765,23.275032949395627],[-106.4066897572456,23.274821906114777],[-106.40668975720952,23.274821905918664],[-106.4066562589985,23.274639828231255],[-106.40665625901423,23.27463982804944],[-106.40674779451973,23.27358121429892],[-106.40684016533531,23.272792721544313],[-106.4068468285574,23.272735842888874],[-106.40687098809171,23.27252961118351],[-106.4069141475871,23.272297680456514],[-106.4068143727607,23.27176315758666],[-106.40673232496836,23.271356338831705],[-106.40673232498938,23.271356338659565],[-106.40673861663527,23.27130478664008],[-106.40676186880609,23.27111426446705],[-106.40725656395506,23.270719372854757],[-106.40725656373974,23.270719372628403],[-106.40686381272971,23.2703064626591],[-106.40653926497195,23.269976937209158],[-106.40621747789478,23.2696425753925],[-106.40588489257611,23.269355340896485],[-106.40582552299743,23.269296181666924],[-106.40526707879661,23.268739712245473],[-106.4052670644311,23.268739697930673],[-106.40508158413688,23.269028866776523],[-106.40471861782981,23.269594737105127],[-106.40421791062363,23.27014115208065],[-106.40393721452547,23.27045294132405],[-106.40352873034351,23.270916796729928],[-106.40332643364457,23.27116941788537],[-106.40332643035079,23.271169421794774],[-106.40270517616979,23.271906787562724],[-106.40270517400279,23.27190679013472],[-106.4027051726755,23.271906791457162],[-106.40223900414081,23.272371256865387],[-106.40191896182844,23.27272846885043],[-106.40160238336493,23.2731177180841],[-106.40112476004127,23.273711588894045],[-106.40112476001066,23.27371158891972],[-106.40067414731014,23.274089639978484],[-106.40037489962188,23.2744007163125],[-106.40034496945968,23.274431829445078],[-106.40000938196529,23.274797300133134],[-106.3996954455791,23.27510706808648],[-106.39953213937584,23.27528933498446],[-106.39941402584054,23.27542116171076],[-106.39941402565839,23.275421161914064],[-106.3996895119307,23.27566510049439],[-106.39972039675635,23.275894505567546],[-106.39990421623355,23.276727842466222],[-106.39997659771865,23.277022386938583],[-106.39997659781262,23.277022387321015],[-106.39903091668768,23.277033803931946],[-106.39862650646259,23.277038684381413],[-106.39824140817937,23.27702743935099],[-106.398046785685,23.277069990033098],[-106.3980467838824,23.2770699904272],[-106.39788326279137,23.277051033724806],[-106.3975977850569,23.277017938386493],[-106.39731491174703,23.27621554333752],[-106.3969369744718,23.27534327013575],[-106.39690789948413,23.275173533758913],[-106.39669550616416,23.275174009248232],[-106.39495653178449,23.275189517829947],[-106.39440622385419,23.275196076735366],[-106.3944062237185,23.275196076736982],[-106.39440622358299,23.275196076737984],[-106.39276558508668,23.2752082199623],[-106.39276558106445,23.275208219992038],[-106.39258476086299,23.275209557287543],[-106.39202547044373,23.27510755653838],[-106.3917293887475,23.2750535576756],[-106.39181856364337,23.27576379554612],[-106.39181856368134,23.275763795848526],[-106.39161676299666,23.27666410790133],[-106.39151578010096,23.27711462814662],[-106.39151578002793,23.27711462847249],[-106.39151578007441,23.277114628501216],[-106.39193910473442,23.277376255705757],[-106.3923636889879,23.277607569035393],[-106.3929375374494,23.276955617052852],[-106.39338725904854,23.277201283160654],[-106.39368064593344,23.276874994797275],[-106.39395840320086,23.276906635388155],[-106.39421178974462,23.27702912149108],[-106.39462724483944,23.277324535054678],[-106.39462724505907,23.27732453521084],[-106.39423323271616,23.27777344836105],[-106.3937067299201,23.278381151004844],[-106.39334422275589,23.27874706994302],[-106.39319357809885,23.27916982238308],[-106.39273891817638,23.27891446892052],[-106.39264924783102,23.27886070906989],[-106.39240116890159,23.27871982985516],[-106.39234589685832,23.278697273346072],[-106.3922915773853,23.27865759456735],[-106.39227466819443,23.278765639013525],[-106.39227466792437,23.278765640739177],[-106.39216470267085,23.279468280797982],[-106.39216470261623,23.27946828114706],[-106.3921647031012,23.279468281374715],[-106.3923814804762,23.279570043232724],[-106.39241483218903,23.279585699494383],[-106.39253208681637,23.279646738260464],[-106.39270799922429,23.279738311993576],[-106.3934373095548,23.280123482933288],[-106.3936804862893,23.28025191067315],[-106.39386839128643,23.280351147581957],[-106.39471365296606,23.280815644371547],[-106.3947137009207,23.280815670723833],[-106.39471370101847,23.280815670594308],[-106.39471370111626,23.280815670464783],[-106.39510323938832,23.280299646730246],[-106.39658058185184,23.28112890220465],[-106.39669207340852,23.281202376479833],[-106.39823864568501,23.281217977411732],[-106.39862408959947,23.281243943627885],[-106.39862409001202,23.281243943655678],[-106.39842475711113,23.281425418222412],[-106.3984247363285,23.281425437143074],[-106.3984247308673,23.281425443462346],[-106.39837059672377,23.281488083168703]]]},"properties":{"ID":1981,"ENTIDAD":25,"MUNICIPIO":12,"NOMBRE":"VALLES DEL EJIDO","CLASIFICAC":1,"CP":82134,"OTROS_CP":"","CONTROL":1223,"Geometry1_":"1=X_8>"}},
{"type":"Feature","geometry":{"type":"Polygon","coordinates":[[[-106.37821249717815,23.259863556842404],[-106.37807454882689,23.259743882724802],[-106.37807454856542,23.259743882678677],[-106.37806323023533,23.2597731585688],[-106.37805191190063,23.259802434458233],[-106.37798627216688,23.25987547936837],[-106.37792689179481,23.259963369267982],[-106.37787289833402,23.26008538152134],[-106.37782649678883,23.260178157918805],[-106.37783766939172,23.260483581491737],[-106.37784372622545,23.26064915510724],[-106.37784372622293,23.260649155105423],[-106.37783766938236,23.26048358130269],[-106.37782649677945,23.26017815772986],[-106.37787289832465,23.26008538133239],[-106.37792689178544,23.259963369079127],[-106.3779862721575,23.25987547917951],[-106.37805191189123,23.25980243426939],[-106.37806323022595,23.259773158379947],[-106.37807454855603,23.25974388248984],[-106.37689402308467,23.25948812092069],[-106.37666791732924,23.25945275875588],[-106.3764449997805,23.259377445832897],[-106.37645786921117,23.259345009714288],[-106.3766169060331,23.25898958578366],[-106.3766169060331,23.258989585783645],[-106.37667612271818,23.25883169522285],[-106.3767826698194,23.258562810401877],[-106.37678266981942,23.258562810401845],[-106.37693031207591,23.25819021508572],[-106.37701227635083,23.257995547371863],[-106.37703421680405,23.257943438013246],[-106.37703421680405,23.257943438013207],[-106.37699883028029,23.25765096430349],[-106.37699883028029,23.257650964303448],[-106.37645153081885,23.257650093250476],[-106.3760388380058,23.257590113478503],[-106.37529107919046,23.25734686067957],[-106.37495876367919,23.25723875394424],[-106.37490157726764,23.257220150340125],[-106.37473420684945,23.25716570206101],[-106.37458176375368,23.257116109681803],[-106.37457477716657,23.257113836819507],[-106.37442121445369,23.25706388001062],[-106.3744212143918,23.257063880175096],[-106.37420889110643,23.25762813355118],[-106.37420889110643,23.257628133551222],[-106.37403516535943,23.258056659810652],[-106.37402584438846,23.258079651609137],[-106.37402584438846,23.25807965160918],[-106.37391359127072,23.258352644494504],[-106.37385757985584,23.25848886049666],[-106.37385757985584,23.2584888604967],[-106.37371908016618,23.258935088120907],[-106.37371908024795,23.25893508807585],[-106.37399311295823,23.258784079516566],[-106.374368765463,23.25859021210043],[-106.37478768296957,23.25872855531988],[-106.37511472674963,23.258842600621524],[-106.37501173810168,23.259481345409018],[-106.37489671869909,23.259854757328313],[-106.37506489559958,23.259913804172175],[-106.37523695758247,23.260005945020563],[-106.37523695758247,23.260005945020524],[-106.37564818114271,23.260160045754798],[-106.37607154507953,23.260318694412476],[-106.37622056946866,23.260374538477684],[-106.37652377961433,23.260488160140298],[-106.37675025808657,23.260523929858998],[-106.37698117674908,23.26056040049625],[-106.37745037193413,23.260634502732724],[-106.3779283860877,23.260709996250476],[-106.3779283864128,23.260709996301816],[-106.37811160421322,23.260221436746114],[-106.37821249717815,23.259863556842404]]]},"properties":{"ID":1982,"ENTIDAD":25,"MUNICIPIO":12,"NOMBRE":"EX - HACIENDA DEL CONCHI","CLASIFICAC":2,"CP":82198,"OTROS_CP":"","CONTROL":1236,"Geometry1_":"1=X_8D"}},
{"type":"Feature","geometry":{"type":"Polygon","coordinates":[[[-106.39771054719326,23.269084577359546],[-106.39806167012749,23.26867492678971],[-106.39818285250188,23.268512081300507],[-106.39835057670913,23.26830559030925],[-106.3986240327558,23.26802928547105],[-106.39892988286672,23.26760552539396],[-106.39910936962193,23.26747964531275],[-106.39934895719641,23.26712455428809],[-106.39946042246959,23.266959351672426],[-106.39988957563926,23.266488278575018],[-106.40003041330066,23.266296137391787],[-106.40071794865428,23.26548177490932],[-106.40091862243621,23.2652693302114],[-106.40061517997638,23.265461372735246],[-106.39933190787553,23.265605492707607],[-106.39933190542949,23.26560549298231],[-106.39933190321038,23.26560549323152],[-106.3988552050631,23.265685788225163],[-106.3983219689446,23.265818865252065],[-106.39783099306808,23.265946945565098],[-106.39732012481547,23.266052145135514],[-106.39688243844871,23.26615817933854],[-106.39690243154956,23.26621076496721],[-106.39690243181565,23.266210765667076],[-106.39697465258197,23.266400719516295],[-106.39697285055108,23.266613895160805],[-106.39697955953157,23.266712509270377],[-106.3969728505409,23.267078202432824],[-106.39697418690777,23.26716899131004],[-106.39696166891693,23.267573325169415],[-106.39696837789742,23.267651394116697],[-106.39694825095592,23.26816295003431],[-106.39695333538732,23.26822862044885],[-106.39694950825861,23.26844062642629],[-106.39695125998227,23.268496031366794],[-106.39694873858211,23.268611634671593],[-106.39694723402962,23.26868061670503],[-106.39694460315783,23.268801239257073],[-106.39694416044799,23.268835033823446],[-106.39694437843356,23.26903385788324],[-106.39694810626987,23.26942923153701],[-106.39689419422876,23.26953926958588],[-106.3971867720043,23.2697420913551],[-106.39771054719326,23.269084577359546]]]},"properties":{"ID":1984,"ENTIDAD":25,"MUNICIPIO":12,"NOMBRE":"LUCIO VALVERDE","CLASIFICAC":1,"CP":82129,"OTROS_CP":"","CONTROL":1525,"Geometry1_":"1=X_8D."}},
{"type":"Feature","geometry":{"type":"Polygon","coordinates":[[[-106.4077238191128,23.263592458848308],[-106.40771607969732,23.263354609204114],[-106.40769799825503,23.262979840931255],[-106.40768894706264,23.262732756323985],[-106.40768890357579,23.262729290289652],[-106.40768359014847,23.26230578942661],[-106.40768145934821,23.262135953872637],[-106.40768781234077,23.261805099111662],[-106.40768781235809,23.2618050982098],[-106.4076878569833,23.261802774195388],[-106.40768785698323,23.26180277419542],[-106.40742243852601,23.26193114368115],[-106.40633563916394,23.26194977163982],[-106.40630161422791,23.261950354712567],[-106.40625705357569,23.26195527653708],[-106.40621671809028,23.26195412659608],[-106.40522593763646,23.2619627601141],[-106.40512210675857,23.261963664519417],[-106.40417007346352,23.26197195387966],[-106.40394737077769,23.261978917862113],[-106.40387950396268,23.262004019963122],[-106.4038795020838,23.262004021623515],[-106.40387642436579,23.262018827612966],[-106.40387950207334,23.262004021434304],[-106.4038795035765,23.26200402010596],[-106.40387950203153,23.2620040206774],[-106.4038692422073,23.262053378838427],[-106.40386719060278,23.262063248733284],[-106.40385898268553,23.26210273567193],[-106.4038548792022,23.262122476846912],[-106.40385487917506,23.262122476977567],[-106.40393010067692,23.262239599306813],[-106.40409351777838,23.263021425004673],[-106.40409351777838,23.263021425004712],[-106.4042948919793,23.262994165554193],[-106.40436438376923,23.262984807980693],[-106.40472177152854,23.262948394829667],[-106.40482618532,23.262937199382932],[-106.40518260533837,23.26289486136396],[-106.40528869336444,23.262882259338756],[-106.40538854478896,23.262868129186018],[-106.40546514267508,23.26285515363282],[-106.40565652703526,23.262829559003855],[-106.4057583337079,23.26281594387442],[-106.40594084506263,23.26279699769123],[-106.40601663367602,23.262788471907946],[-106.4063862313506,23.262748266377226],[-106.40645263168379,23.26274142534341],[-106.40669491188936,23.262706929933316],[-106.4066885028082,23.262918923757045],[-106.4066824431087,23.262989050114534],[-106.4066809901292,23.26300981207491],[-106.40665199230992,23.263501365014257],[-106.40663939516513,23.263580602907528],[-106.40662364213286,23.26375233714499],[-106.40758795300793,23.263634584295918],[-106.4077238191128,23.263592458848308]]]},"properties":{"ID":1986,"ENTIDAD":25,"MUNICIPIO":12,"NOMBRE":"PORTO MOLINO","CLASIFICAC":2,"CP":82132,"OTROS_CP":"","CONTROL":2014,"Geometry1_":"1=X_8D-"}},
{"type":"Feature","geometry":{"type":"Polygon","coordinates":[[[-106.4350176478011,23.286558568383334],[-106.436139947,23.285848380000022],[-106.4361541591841,23.285791708780582],[-106.43623545329986,23.28572565250554],[-106.43633868745502,23.285653885998205],[-106.43636372695359,23.285619431267172],[-106.43637938334122,23.285576287669173],[-106.43627479890968,23.28539482349743],[-106.43607133783368,23.284725700157704],[-106.43721438496858,23.28378187425019],[-106.43687466682928,23.28346001514575],[-106.43575394206208,23.283950737891367],[-106.43510046252509,23.283204002988683],[-106.43438757575746,23.28278468078408],[-106.43410617538656,23.282658003856405],[-106.43385757948671,23.28251132527508],[-106.4336815663313,23.282327560119903],[-106.43360590167015,23.282121229940884],[-106.43348377835265,23.281861687229465],[-106.43318618910025,23.281571661780365],[-106.43303058954189,23.28144341527599],[-106.43294359527714,23.281408793799507],[-106.43291731747034,23.281398335895993],[-106.43284409838225,23.281286968117637],[-106.43280283538512,23.28122671673507],[-106.43198903850214,23.280416369577722],[-106.43195099920267,23.280388816058426],[-106.43163693657426,23.280063848247654],[-106.43163691392908,23.280063825535933],[-106.43116149029069,23.27957188867843],[-106.43048149466165,23.27874105759669],[-106.43035924923058,23.27859854699999],[-106.43028784154397,23.278505311245976],[-106.43028784154367,23.278505311245603],[-106.42883196367252,23.27879655761732],[-106.42832095327967,23.278857690122507],[-106.42738449702482,23.278916639297332],[-106.42726328060606,23.27880529083406],[-106.42738449702482,23.278916639297368],[-106.42756498874351,23.27905211920654],[-106.42769016727327,23.27919093505771],[-106.42775906466676,23.27928094832616],[-106.42839292612986,23.280197438627397],[-106.42852743717195,23.280524842320332],[-106.42924558654329,23.282564388365053],[-106.42918669908899,23.28263461479865],[-106.42822482574346,23.28293263977253],[-106.4275666417224,23.28330851065467],[-106.42715489279463,23.283447405529422],[-106.42709581806619,23.2834673330409],[-106.42674314295799,23.283586299362945],[-106.42523565295808,23.28404292896094],[-106.42523565284229,23.28404292904068],[-106.42505710575237,23.284165889957993],[-106.42515637645455,23.284467050691706],[-106.42529608770214,23.28486606614223],[-106.42547907373924,23.28525437441924],[-106.42576618653057,23.285972844622847],[-106.42573004406371,23.286538797383155],[-106.42579134241083,23.28748876000534],[-106.42579716578786,23.287579005957973],[-106.42577798161649,23.288129097331005],[-106.4255966354039,23.288217767302665],[-106.42559661046212,23.288217779498027],[-106.42570484823709,23.288504779617845],[-106.42571470687656,23.28858911769472],[-106.42571802089863,23.288742905972757],[-106.4257197698956,23.288824068414062],[-106.42570662770396,23.29056133450393],[-106.425713910823,23.290646774525186],[-106.42571631694962,23.29070995309313],[-106.42572030318296,23.290814620883022],[-106.4290939514022,23.289887306507854],[-106.42974988650128,23.289705567130724],[-106.43180692839401,23.288479105109868],[-106.4318543167037,23.288450850394245],[-106.43197821041956,23.28837698011956],[-106.43347143796866,23.287486645713845],[-106.4337743786954,23.28737430750322],[-106.43389667373627,23.287297368105243],[-106.43399005126595,23.28718607883123],[-106.43419369327336,23.287040815500422],[-106.4344010091157,23.286905408082184],[-106.43485896061259,23.286614473587846],[-106.4350176478011,23.286558568383334]]]},"properties":{"ID":1993,"ENTIDAD":25,"MUNICIPIO":12,"NOMBRE":"RESIDENCIAL REAL DEL VALLE","CLASIFICAC":2,"CP":82128,"OTROS_CP":"","CONTROL":1726,"Geometry1_":"1=X_8>"}},
{"type":"Feature","geometry":{"type":"Polygon","coordinates":[[[-106.41719252028987,23.26336666552609],[-106.417202873803,23.2633276774192],[-106.41726549353115,23.263091869805915],[-106.41726549357954,23.263091869623644],[-106.41237624958518,23.26250524732629],[-106.41237624892261,23.26250524724678],[-106.4123762491543,23.26250524746259],[-106.4126313689152,23.262742894718425],[-106.4127973035406,23.26289746419952],[-106.41279730407199,23.262897464694504],[-106.41342709522337,23.26348390700144],[-106.41371262479637,23.263737847246336],[-106.413712624936,23.263737847190818],[-106.41371262493607,23.263737847190864],[-106.41371262514532,23.263737847376962],[-106.41710926766103,23.263680166388724],[-106.41719252028987,23.26336666552609]]]},"properties":{"ID":2027,"ENTIDAD":25,"MUNICIPIO":12,"NOMBRE":"CORREDOR DE ABASTOS","CLASIFICAC":2,"CP":82165,"OTROS_CP":"","CONTROL":1299,"Geometry1_":"1=X_8C"}},
{"type":"Feature","geometry":{"type":"Polygon","coordinates":[[[-106.44258981382791,23.282089540823574],[-106.44273867642718,23.281916587988036],[-106.44324863834105,23.281324095316904],[-106.44191070366324,23.280278514757008],[-106.44161923259593,23.28060388465408],[-106.44151032695231,23.280521036852296],[-106.44119882425863,23.281037233413247],[-106.44165224746719,23.28134933819262],[-106.44187638767026,23.281480096697738],[-106.4419613196037,23.281574008997467],[-106.44213696088079,23.281732693035615],[-106.44218332680052,23.281766792643925],[-106.44222812077665,23.281799425399036],[-106.44231049508042,23.281867304030985],[-106.44235990222569,23.28189777127876],[-106.44239778838572,23.281926257709735],[-106.44258981382791,23.282089540823574]]]},"properties":{"ID":2032,"ENTIDAD":25,"MUNICIPIO":12,"NOMBRE":"CARDONES","CLASIFICAC":2,"CP":82180,"OTROS_CP":"","CONTROL":2246,"Geometry1_":"1=X_8>"}},
{"type":"Feature","geometry":{"type":"Polygon","coordinates":[[[-106.44111505267529,23.279848763018972],[-106.44109337300823,23.27986646487077],[-106.4406805549383,23.280090542501927],[-106.43920941827352,23.2802825879973],[-106.43898187279527,23.280326759980483],[-106.44061617896702,23.281766090166304],[-106.44128016336435,23.280668421707784],[-106.441511879072,23.280293083033136],[-106.44126061543757,23.280028436862057],[-106.44113192555395,23.27996522205036],[-106.44111505267529,23.279848763018972]]]},"properties":{"ID":2040,"ENTIDAD":25,"MUNICIPIO":12,"NOMBRE":"LAS ABAS RESIDENCIAL","CLASIFICAC":2,"CP":82124,"OTROS_CP":"","CONTROL":2198,"Geometry1_":"1=X_8>"}},
{"type":"Feature","geometry":{"type":"Polygon","coordinates":[[[-106.43180692839401,23.288479105109868],[-106.43374288101269,23.290144789530864],[-106.43415839378281,23.290372788959946],[-106.43544061332824,23.288568839200718],[-106.4357513352939,23.288335647245315],[-106.43500545657247,23.2871233136665],[-106.4350176478011,23.286558568383334],[-106.43485896061259,23.286614473587846],[-106.4344010091157,23.286905408082184],[-106.43419369327336,23.287040815500422],[-106.43399005126595,23.28718607883123],[-106.43389667373627,23.287297368105243],[-106.4337743786954,23.28737430750322],[-106.43347143796866,23.287486645713845],[-106.43197821041956,23.28837698011956],[-106.4318543167037,23.288450850394245],[-106.43180692839401,23.288479105109868]]]},"properties":{"ID":2046,"ENTIDAD":25,"MUNICIPIO":12,"NOMBRE":"PEDRERA","CLASIFICAC":2,"CP":82128,"OTROS_CP":"","CONTROL":2210,"Geometry1_":"1=X_88p"}},
{"type":"Feature","geometry":{"type":"Polygon","coordinates":[[[-106.44091812529891,23.29467777485307],[-106.4383396470691,23.293680159646915],[-106.43800770872751,23.29448661155364],[-106.43812412047475,23.294628039127147],[-106.43807163361062,23.294723676824642],[-106.43821419092663,23.294792809878384],[-106.43817872279325,23.294853689211514],[-106.43832048717532,23.294973497101562],[-106.4377734713134,23.295985687915],[-106.43900906602927,23.296426655532724],[-106.43914805015075,23.296163391212342],[-106.43928587363199,23.29604101821522],[-106.439456414384,23.295975191405756],[-106.44030334460301,23.29573137762001],[-106.44043186884295,23.295615268061294],[-106.44091812529891,23.29467777485307]]]},"properties":{"ID":2047,"ENTIDAD":25,"MUNICIPIO":12,"NOMBRE":"OLYMPUS RESIDENTIAL CITY","CLASIFICAC":2,"CP":82124,"OTROS_CP":"","CONTROL":2386,"Geometry1_":"1=X_88W"}},
{"type":"Feature","geometry":{"type":"Polygon","coordinates":[[[-106.437693207,23.28797487699998],[-106.43705923236854,23.288669963097888],[-106.43644770622251,23.28975068668455],[-106.4380730460641,23.29103725435465],[-106.439363864,23.289358212000007],[-106.437693207,23.28797487699998]]]},"properties":{"ID":2050,"ENTIDAD":25,"MUNICIPIO":12,"NOMBRE":"SIN NOMBRE","CLASIFICAC":1,"CP":82124,"OTROS_CP":"82124","CONTROL":2402,"Geometry1_":"1=X_88V"}},
{"type":"Feature","geometry":{"type":"Polygon","coordinates":[[[-106.34527336468551,23.317664499941177],[-106.34586682020576,23.320278273770256],[-106.34770694714514,23.32090844504633],[-106.348972939876,23.3208451735856],[-106.35014265077216,23.32060813053452],[-106.35071420872464,23.317303433431242],[-106.3459607512481,23.31083207362496],[-106.3453602126462,23.309388119801476],[-106.34094001876501,23.311590933120996],[-106.34527336468551,23.317664499941177]]]},"properties":{"ID":2057,"ENTIDAD":25,"MUNICIPIO":12,"NOMBRE":"EL ARMADILLO","CLASIFICAC":5,"CP":82013,"OTROS_CP":"","CONTROL":1280,"Geometry1_":"1=X_89"}},
{"type":"Feature","geometry":{"type":"MultiPolygon","coordinates":[[[[-106.40773657728246,23.277929340772797],[-106.4077365772906,23.27792934096432],[-106.40774328348088,23.278086919368334],[-106.40767362222373,23.278599239577158],[-106.40764824106147,23.278914437973953],[-106.4076133786314,23.27942037866789],[-106.4076133786201,23.279420378831812],[-106.40766239997023,23.279751359332995],[-106.40766240001157,23.279751359612042],[-106.40759791718867,23.28009025584932],[-106.40759791958374,23.2800902581245],[-106.40778228561165,23.280251552881193],[-106.40791132491768,23.28035946495069],[-106.40831210415264,23.280639648683458],[-106.40868313567866,23.28091166530056],[-106.40886612433381,23.281253308214865],[-106.40905992901267,23.281615142551868],[-106.40922618348097,23.281951259985565],[-106.4096108081517,23.28273794703752],[-106.40972696490688,23.28297552493586],[-106.41028592751286,23.283567702535787],[-106.41040761064815,23.283650427576305],[-106.41080820571146,23.283928251355682],[-106.41091009682793,23.283723542950344],[-106.41091009682796,23.283723542950284],[-106.4116997497092,23.282137042194126],[-106.41183641051315,23.281862471401855],[-106.41183641051316,23.281862471401816],[-106.41192701570726,23.281706100648616],[-106.41274193994884,23.280299647767954],[-106.4129940026503,23.279864613932173],[-106.41324911569163,23.279424312396582],[-106.41337497582666,23.27920708827288],[-106.41345201983576,23.278929686396154],[-106.41442454122893,23.275427968942505],[-106.414487465526,23.275201393929386],[-106.4130550248741,23.27488873482867],[-106.41295638209793,23.275268968901198],[-106.4128969868145,23.275626964202615],[-106.41144308512344,23.275582296216974],[-106.4103218887552,23.275547997462418],[-106.40926347096608,23.275521030825548],[-106.4077785277939,23.275483293836015],[-106.40777852778103,23.275483293835695],[-106.40776664663001,23.275855451711656],[-106.40774741815828,23.2762702844567],[-106.40771963143123,23.27678408675508],[-106.40771752186664,23.277056978310988],[-106.40771752186431,23.277056978612567],[-106.40771752187615,23.27705697865348],[-106.40776746055137,23.277229758893846],[-106.4078245036101,23.27744693202452],[-106.40782450366396,23.27744693222954],[-106.4078245036477,23.277446932318757],[-106.40773657731684,23.277929340584098],[-106.40773657728246,23.277929340772797]]],[[[-106.40814305036564,23.28052146447572],[-106.407911324939,23.28035946533505],[-106.40778229511047,23.28025156119134],[-106.40793086764329,23.280381541136084],[-106.40814305036564,23.28052146447572]]],[[[-106.41080808957929,23.28392817155619],[-106.41040761066972,23.283650427961827],[-106.41028594565438,23.283567715239926],[-106.41080808957929,23.28392817155619]]]]},"properties":{"ID":2073,"ENTIDAD":25,"MUNICIPIO":12,"NOMBRE":"PRADO BONITO","CLASIFICAC":2,"CP":82129,"OTROS_CP":"","CONTROL":1601,"Geometry1_":"1=X_8>"}},
{"type":"Feature","geometry":{"type":"Polygon","coordinates":[[[-106.3890511946963,23.282768823614276],[-106.39023562623215,23.283045138313774],[-106.39055414798943,23.283116835895385],[-106.39054232625142,23.282384858910678],[-106.39057483736471,23.281947179691045],[-106.39050253062611,23.281454647660684],[-106.39050253062611,23.281454647660667],[-106.39050253062621,23.281454647660688],[-106.39074541973417,23.281523677755132],[-106.39093991234724,23.281626271986056],[-106.39098097115803,23.281614979542567],[-106.39170387831334,23.28141615565965],[-106.39052221054747,23.280985229685722],[-106.39053243872031,23.28053887839717],[-106.39052943073156,23.28007033095927],[-106.39052256472989,23.279588086576013],[-106.39051086115133,23.279187773985356],[-106.39058744768025,23.278525637243693],[-106.39050720844213,23.278444536577215],[-106.38997205077177,23.27802893238675],[-106.38979023941066,23.27756271590518],[-106.38920044680188,23.277930512425467],[-106.38872923396548,23.27812887340497],[-106.38872923401934,23.278128873577767],[-106.3890188194981,23.279058026023204],[-106.3890188203099,23.27905802878825],[-106.3891794481528,23.27960513352657],[-106.38927366095545,23.280001674408712],[-106.38929990104307,23.280112118229663],[-106.38942341157673,23.280555569297455],[-106.38951902049061,23.28099583455113],[-106.38951902047988,23.28099583464845],[-106.38946977523452,23.281442532017945],[-106.38930941758062,23.281924541045708],[-106.38920578731157,23.282221188014155],[-106.38916145840868,23.2823480820161],[-106.3891614580922,23.28234808292202],[-106.38908224604286,23.282545273547868],[-106.38899659484782,23.282751962660956],[-106.3890511946963,23.282768823614276]]]},"properties":{"ID":2077,"ENTIDAD":25,"MUNICIPIO":12,"NOMBRE":"ALFONSO CORDERO","CLASIFICAC":1,"CP":82001,"OTROS_CP":"","CONTROL":2070,"Geometry1_":"1=X_8>"}},
{"type":"Feature","geometry":{"type":"Polygon","coordinates":[[[-106.42943751015672,23.30736519825355],[-106.42837187688268,23.306531423612057],[-106.42819762418556,23.306493549190865],[-106.42809279657091,23.306574846912074],[-106.42753732693633,23.307206904357358],[-106.4272705973936,23.3075671298388],[-106.42756165209805,23.307643403670333],[-106.42795580813308,23.307854814025497],[-106.42827700481983,23.308132204749334],[-106.42839642770136,23.30827807887867],[-106.42926239891914,23.310940870365723],[-106.42872380964111,23.311534144277427],[-106.42968497443042,23.312562255705657],[-106.42994621649834,23.312467340621428],[-106.43056124673444,23.312244621713187],[-106.42985484068669,23.31001635305489],[-106.43124890292434,23.30936266880118],[-106.43107316566902,23.309010587131738],[-106.43026197961763,23.308103559359182],[-106.42943751015672,23.30736519825355]]]},"properties":{"ID":2108,"ENTIDAD":25,"MUNICIPIO":12,"NOMBRE":"CAMILA HILLS","CLASIFICAC":2,"CP":82124,"OTROS_CP":"82124","CONTROL":2371,"Geometry1_":"1=X_88s"}},
{"type":"Feature","geometry":{"type":"Polygon","coordinates":[[[-106.3926894497504,23.283144511451766],[-106.39267281425985,23.28316033978988],[-106.39229829336902,23.28351668754733],[-106.39210753988365,23.283473811425733],[-106.39174321054985,23.283391919511082],[-106.39055414798943,23.283116835895385],[-106.39023562623215,23.283045138313774],[-106.3890511946963,23.282768823614276],[-106.3889965947782,23.28275196282899],[-106.38896059820406,23.282740089570265],[-106.38877541423436,23.282688268134603],[-106.38851090709619,23.28392876671971],[-106.3883450179537,23.284737995692563],[-106.38832118759294,23.284872020140945],[-106.38830459305996,23.284923675331758],[-106.38828165593861,23.285032927570523],[-106.38826794583606,23.285104661110076],[-106.38821062065173,23.28540347375734],[-106.38819710740403,23.285472292259144],[-106.38812479965638,23.28580842344281],[-106.38811191531076,23.285876738449613],[-106.38803461984406,23.286285555149423],[-106.38801280997583,23.28637716448716],[-106.3880030104691,23.286429093190048],[-106.38799564598575,23.286468118403455],[-106.38797459762668,23.286580753277246],[-106.38865981605207,23.2867395249876],[-106.38884275560486,23.286815827396005],[-106.38885433030549,23.28678891831926],[-106.38887599404,23.286738554041758],[-106.38892063039091,23.28668542484031],[-106.38990732701313,23.286438670912805],[-106.38998659812533,23.286410187240104],[-106.39000817795116,23.28646749102823],[-106.39086295183725,23.286853804478397],[-106.39092435741213,23.286840230625433],[-106.39110346742167,23.286878868103727],[-106.39210695773211,23.2866857186778],[-106.39211184699538,23.28568063925959],[-106.39217454596896,23.28486292297869],[-106.39224364223388,23.28456373083674],[-106.39255593144578,23.284016124147335],[-106.39268581148822,23.28316826229404],[-106.3926894497504,23.283144511451766]]]},"properties":{"ID":2113,"ENTIDAD":25,"MUNICIPIO":12,"NOMBRE":"ARIETAS","CLASIFICAC":2,"CP":82134,"OTROS_CP":"","CONTROL":2220,"Geometry1_":"1=X_89o"}},
{"type":"Feature","geometry":{"type":"Polygon","coordinates":[[[-106.38757765667755,23.287787034565074],[-106.38749444794034,23.28743594278412],[-106.38779661293259,23.286547256327303],[-106.38734558147286,23.286396229465954],[-106.38680228300413,23.28625939252673],[-106.38671843419205,23.286113275677906],[-106.3847671913704,23.288308757680362],[-106.38558198452154,23.28923984523397],[-106.38757765667755,23.287787034565074]]]},"properties":{"ID":2114,"ENTIDAD":25,"MUNICIPIO":12,"NOMBRE":"LOMAS TAURINAS","CLASIFICAC":1,"CP":82001,"OTROS_CP":"82001","CONTROL":2378,"Geometry1_":"1=X_89N"}},
{"type":"Feature","geometry":{"type":"Polygon","coordinates":[[[-106.43277809265675,23.296633824219267],[-106.43245298977688,23.296715342482642],[-106.43034007327206,23.29733634374947],[-106.43034005891106,23.297336347970166],[-106.4293730497727,23.29783013260014],[-106.42803224414129,23.298830244868178],[-106.42731520932156,23.299425759216092],[-106.42731520954045,23.29942575941121],[-106.4314530961516,23.303114201296538],[-106.43392830786779,23.301488860589423],[-106.43301432606796,23.299968823342688],[-106.4329887311739,23.299555266863543],[-106.43320349474642,23.297808044755868],[-106.43277809265675,23.296633824219267]]]},"properties":{"ID":2117,"ENTIDAD":25,"MUNICIPIO":12,"NOMBRE":"SONTERRA II","CLASIFICAC":2,"CP":82128,"OTROS_CP":"82128","CONTROL":2379,"Geometry1_":"1=X_88p"}},
{"type":"Feature","geometry":{"type":"Polygon","coordinates":[[[-106.41592901251511,23.287680027768406],[-106.4159946384479,23.287909771951558],[-106.41609598135828,23.288310076297837],[-106.41620425812374,23.288693519923743],[-106.41516361913042,23.288898237775292],[-106.41399219960786,23.289108205722027],[-106.41408567210549,23.290061548387346],[-106.4144382994967,23.29092525388445],[-106.41454229379966,23.291192774569133],[-106.41574357944589,23.294282938406013],[-106.41626228009713,23.29530188829527],[-106.41680974578918,23.295766108173435],[-106.41762172515213,23.296465123937562],[-106.41812828367699,23.29641183666723],[-106.42036685638158,23.296062159731296],[-106.4216330202542,23.29585656166802],[-106.42219133907668,23.295810188904202],[-106.42482532333682,23.297593622817498],[-106.42447854678458,23.29822564272095],[-106.42534871327757,23.298792182754195],[-106.42586490445616,23.29808605878649],[-106.42515909351825,23.297584542763992],[-106.42557904555339,23.297087095704654],[-106.4237839777285,23.295704379801734],[-106.42474362807137,23.295512892476083],[-106.42476356521279,23.29534741376884],[-106.42493398001301,23.294502356474982],[-106.42494983998769,23.29443084853208],[-106.42506975494432,23.29385125771032],[-106.4250960873616,23.293723983357495],[-106.42516239952639,23.293463070504874],[-106.42389197909375,23.292869756157877],[-106.42335758059421,23.29262017551267],[-106.42317564677967,23.29246795650703],[-106.42305610810571,23.292367941479743],[-106.42271516531417,23.29215023610338],[-106.42204488774094,23.291735746173853],[-106.42173441375418,23.291653529466796],[-106.421681824396,23.29163960319151],[-106.4216542084906,23.291617487012147],[-106.42151732059399,23.291507860245282],[-106.42167607244417,23.291167696477043],[-106.42273888528216,23.288890320240277],[-106.42309082349367,23.287792292730064],[-106.42432058892805,23.288450069275715],[-106.42433226868361,23.288456316460266],[-106.42427195344189,23.287969701332383],[-106.42427195344189,23.287969701332347],[-106.42417370407018,23.28732425227812],[-106.42417370407018,23.287324252278104],[-106.42416516064655,23.287253625443917],[-106.42409788122052,23.286878910803885],[-106.42408904449287,23.286845701501782],[-106.42405277674217,23.286517927026367],[-106.42405277674217,23.286517927026335],[-106.42404768860595,23.28644730034401],[-106.423994292174,23.28613143849539],[-106.42399414804945,23.28610990205334],[-106.42399414804945,23.286109902053305],[-106.42376440110358,23.2844999981171],[-106.42376440110358,23.284499998117074],[-106.42374427202753,23.284426652987527],[-106.42374427183896,23.28442665204375],[-106.4236162211266,23.28378575883516],[-106.42141642236791,23.284193401890217],[-106.42097075544733,23.282249773027225],[-106.42149905507644,23.280515579356408],[-106.42177708570637,23.27965600838553],[-106.42125265519155,23.27939912439506],[-106.42067481172707,23.27913933594482],[-106.42067481172673,23.27913933594471],[-106.41974723227189,23.279004342257046],[-106.41968224720526,23.279217388193693],[-106.41992472889746,23.282271214495204],[-106.41975378135287,23.28345358192551],[-106.41838046602496,23.28386859619367],[-106.41794744324841,23.284463411337924],[-106.41823601860752,23.2851694269761],[-106.41746614186243,23.285097425406075],[-106.4174661418444,23.28509742540433],[-106.41705950630764,23.28505808374148],[-106.41584734211987,23.28493800759977],[-106.41584734220793,23.284938007800346],[-106.41584734220795,23.284938007800356],[-106.41594480696281,23.28516002813058],[-106.41594480696281,23.285160028130612],[-106.41595796007938,23.285190004675385],[-106.41595796007938,23.285190004675417],[-106.4159716638699,23.285221222993087],[-106.4159716638699,23.285221222993137],[-106.41598704256798,23.28525625686246],[-106.41598704595872,23.285256264586806],[-106.41598704595872,23.285256264586835],[-106.41610950944387,23.28553524515884],[-106.41612000119457,23.285559146053743],[-106.41612000119457,23.285559146053767],[-106.41612286864331,23.28556898244718],[-106.41612286864331,23.285568982447227],[-106.41613131874932,23.28559796937858],[-106.41613131874932,23.28559796937861],[-106.41613798668185,23.28562084295289],[-106.41613798763012,23.28562084620583],[-106.41613798763012,23.285620846205852],[-106.41625397763023,23.286018732244514],[-106.4163942083892,23.28646191823197],[-106.4163942083892,23.286461918232025],[-106.41642014911837,23.28654483572381],[-106.41642014911837,23.286544835723852],[-106.41661018975218,23.287098523994093],[-106.416616465,23.287116806999997],[-106.41666240810254,23.28723767672954],[-106.416680589,23.287285507999968],[-106.416763881,23.28748181100004],[-106.41677849310186,23.287528696264797],[-106.41671831525397,23.28755144801834],[-106.41597331212373,23.28766916723937],[-106.41592901251511,23.287680027768406]]]},"properties":{"ID":2119,"ENTIDAD":25,"MUNICIPIO":12,"NOMBRE":"HACIENDA DEL SEMINARIO","CLASIFICAC":2,"CP":82128,"OTROS_CP":"","CONTROL":2315,"Geometry1_":"1=X_8>"}},
{"type":"Feature","geometry":{"type":"Polygon","coordinates":[[[-106.41642014911837,23.286544835723852],[-106.4164201491181,23.286544835723937],[-106.41638098986384,23.286563611635884],[-106.4158815202648,23.287150274956584],[-106.4158333280586,23.287269074624845],[-106.41584971197356,23.287404298366667],[-106.41592901251511,23.287680027768406],[-106.41597331212373,23.28766916723937],[-106.41671831525397,23.28755144801834],[-106.41677849310186,23.287528696264797],[-106.416763881,23.28748181100004],[-106.416680589,23.287285507999968],[-106.41666240810254,23.28723767672954],[-106.416616465,23.287116806999997],[-106.41661018975218,23.287098523994093],[-106.41642014911837,23.286544835723852]]]},"properties":{"ID":2125,"ENTIDAD":25,"MUNICIPIO":12,"NOMBRE":"CORDELIA","CLASIFICAC":2,"CP":82128,"OTROS_CP":"","CONTROL":2397,"Geometry1_":"1=X_88z>"}},
{"type":"Feature","geometry":{"type":"Polygon","coordinates":[[[-106.39100032561169,23.326549157443022],[-106.39117535896874,23.32576367381773],[-106.39097584165997,23.32537066084773],[-106.39089100032119,23.323673840040765],[-106.38700274811778,23.32385494557346],[-106.38658269335474,23.323982739131214],[-106.38631541530434,23.32412045935985],[-106.38615270653341,23.324330571239134],[-106.38602181645658,23.32466447682443],[-106.38597559727654,23.324918676221934],[-106.38599707563155,23.32522303479487],[-106.38601075109845,23.32536390851985],[-106.3859462122546,23.325618269975095],[-106.3857667024806,23.325975164646252],[-106.38640940728904,23.326116112565888],[-106.38608312265418,23.327630462829564],[-106.39100032561169,23.326549157443022]]]},"properties":{"ID":2132,"ENTIDAD":25,"MUNICIPIO":12,"NOMBRE":"COLONIA VALDOVINOS","CLASIFICAC":1,"CP":82273,"OTROS_CP":"82273","CONTROL":2393,"Geometry1_":"1=X_89`"}},
{"type":"Feature","geometry":{"type":"Polygon","coordinates":[[[-106.38375792225655,23.287826764570177],[-106.38386474078075,23.287778236221474],[-106.38257571359469,23.286001163122382],[-106.38226400889454,23.286162530132394],[-106.38201280603865,23.286363018524924],[-106.3817631578154,23.28671418186918],[-106.38291727267985,23.28831400376255],[-106.38375792225655,23.287826764570177]]]},"properties":{"ID":2148,"ENTIDAD":25,"MUNICIPIO":12,"NOMBRE":"VISTA PRADERA ETAPA 2","CLASIFICAC":2,"CP":82139,"OTROS_CP":"","CONTROL":2404,"Geometry1_":"1=X_89P"}},
{"type":"Feature","geometry":{"type":"Polygon","coordinates":[[[-106.37876265047403,23.298936153670084],[-106.37902929533978,23.29906280211226],[-106.37932533160694,23.298653869202617],[-106.3787351942681,23.29762711245652],[-106.37891088043551,23.295703566212435],[-106.37867602832927,23.295273503229733],[-106.37642969776148,23.29479016139294],[-106.37565299707443,23.2946292850996],[-106.37532710787924,23.29485143254029],[-106.37504043449002,23.29549246451728],[-106.37537275613029,23.29589587982154],[-106.37876265047403,23.298936153670084]]]},"properties":{"ID":2180,"ENTIDAD":25,"MUNICIPIO":12,"NOMBRE":"FRACCIONAMIENTO VELEROS","CLASIFICAC":2,"CP":82134,"OTROS_CP":"82134","CONTROL":2382,"Geometry1_":"1=X_89"}},
{"type":"Feature","geometry":{"type":"Polygon","coordinates":[[[-106.39050493450841,23.298700243526763],[-106.39020359037478,23.297587126704837],[-106.38965474261977,23.297517820787636],[-106.38825837271321,23.29711015612547],[-106.38805890466865,23.297065161973748],[-106.38790469034795,23.297091519405175],[-106.389256566024,23.299182133495517],[-106.38952332848287,23.298983055440893],[-106.38993285138267,23.2987472384716],[-106.39050493450841,23.298700243526763]]]},"properties":{"ID":2181,"ENTIDAD":25,"MUNICIPIO":12,"NOMBRE":"PRIVADA LA GLORIA","CLASIFICAC":2,"CP":82134,"OTROS_CP":"82134","CONTROL":2381,"Geometry1_":"1=X_89n>"}},
{"type":"Feature","geometry":{"type":"Polygon","coordinates":[[[-106.38654358309194,23.296674658670717],[-106.38564556817484,23.29622144610263],[-106.38556148580729,23.296193165606255],[-106.38542621767652,23.296110515208497],[-106.38521465563983,23.296583209199998],[-106.38489888447648,23.29676981356498],[-106.38530345723196,23.298078745051704],[-106.38542564077366,23.298077665546383],[-106.38558501813958,23.29804400900893],[-106.38569203107595,23.298010815075113],[-106.38575257169668,23.297957070399345],[-106.38642240429795,23.29687083217486],[-106.38647460239893,23.296826298015393],[-106.38654358309194,23.296674658670717]]]},"properties":{"ID":2182,"ENTIDAD":25,"MUNICIPIO":12,"NOMBRE":"FRACCIONAMIENTO PUESTA NORTE (COTTO MARINA)","CLASIFICAC":2,"CP":82134,"OTROS_CP":"82134","CONTROL":2383,"Geometry1_":"1=X_89O-"}},
{"type":"Feature","geometry":{"type":"Polygon","coordinates":[[[-106.38654358309194,23.296674658670717],[-106.38647460239893,23.296826298015393],[-106.38642240429795,23.29687083217486],[-106.38575257169668,23.297957070399345],[-106.38569203107595,23.298010815075113],[-106.38558501813958,23.29804400900893],[-106.38542564077366,23.298077665546383],[-106.38530345723196,23.298078745051704],[-106.3853721896464,23.29831032541277],[-106.38564094298306,23.29864010792056],[-106.38616027979157,23.29889350381474],[-106.38637040574851,23.29861914821209],[-106.38719070479233,23.297257466203078],[-106.38722995464855,23.29700235767592],[-106.38709335714876,23.296960030892627],[-106.38654358309194,23.296674658670717]]]},"properties":{"ID":2183,"ENTIDAD":25,"MUNICIPIO":12,"NOMBRE":"FRACCIONAMIENTO PUESTA NORTE (COTTO ASTILLERO)","CLASIFICAC":2,"CP":82134,"OTROS_CP":"82134","CONTROL":2384,"Geometry1_":"1=X_89N"}},
{"type":"Feature","geometry":{"type":"Polygon","coordinates":[[[-106.3736235419826,23.260716703278018],[-106.37310683558081,23.26011210856426],[-106.37268712182697,23.25949482459725],[-106.37310683557163,23.260112108375385],[-106.3726871219107,23.259494824545047],[-106.37268712181782,23.25949482440844],[-106.37293797269571,23.25933841350071],[-106.37293801879886,23.259338384754354],[-106.37351247094315,23.258976567193084],[-106.37351247094315,23.258976567193063],[-106.37371908016618,23.258935088120907],[-106.37385757985584,23.2584888604967],[-106.37385757985584,23.25848886049666],[-106.37391359127072,23.258352644494504],[-106.37402584438846,23.25807965160918],[-106.37402584438846,23.258079651609137],[-106.37403516535943,23.258056659810652],[-106.37420889110643,23.257628133551222],[-106.37420889110643,23.25762813355118],[-106.3744212143918,23.257063880175096],[-106.3733622963527,23.256706847366043],[-106.37226579070604,23.256360685798438],[-106.37226579078478,23.256360685637876],[-106.37226579069689,23.25636068561013],[-106.37247245493502,23.255939338390426],[-106.37254560942094,23.255790190302086],[-106.37269497471836,23.255537275188033],[-106.37279792422918,23.255362953717842],[-106.3728392045602,23.255270030336405],[-106.37288048219223,23.255177112899105],[-106.37288048219224,23.255177112899094],[-106.37291501590116,23.255099375993275],[-106.37294953898383,23.255021662915738],[-106.3730445700324,23.254789437242966],[-106.3730445930031,23.254789381109745],[-106.37175216659327,23.254687851511047],[-106.3698566156402,23.254538922431564],[-106.36892578527915,23.255163426803936],[-106.36852746572167,23.255430660412312],[-106.36836790327095,23.255537710699198],[-106.36813952174714,23.25563980215839],[-106.36660377112207,23.257342823422434],[-106.36771723140572,23.259251785791335],[-106.36803041326577,23.259710156078736],[-106.36823402375471,23.260004389808223],[-106.36864745384459,23.26060182489318],[-106.3686474538446,23.2606018248932],[-106.36918132794233,23.261555154560984],[-106.36935458296348,23.261878515241786],[-106.36952304342246,23.262149934462418],[-106.36973008193031,23.26248672510955],[-106.36988967646991,23.262392188911583],[-106.37033975834562,23.26216698130415],[-106.37081127624971,23.261956337256372],[-106.37125111413538,23.261770555167764],[-106.37105089245574,23.26144776053859],[-106.37145854686726,23.261237672376534],[-106.37196811644272,23.26110536977053],[-106.37247251434496,23.26098786272158],[-106.37263647044304,23.260950702864797],[-106.37301411232394,23.260865111436747],[-106.3736235419826,23.260716703278018]]]},"properties":{"ID":2204,"ENTIDAD":25,"MUNICIPIO":12,"NOMBRE":"VILLAS DEL SOL","CLASIFICAC":2,"CP":82198,"OTROS_CP":"","CONTROL":1239,"Geometry1_":"1=X_8D>"}},
{"type":"Feature","geometry":{"type":"MultiPolygon","coordinates":[[[[-106.37328372809519,23.254547291401714],[-106.37304459307737,23.25478938092825],[-106.37304459307737,23.254789380928294],[-106.37328372809519,23.254547291401714]]],[[[-106.37421098794586,23.25485726709934],[-106.37399101024384,23.254735008395183],[-106.37377496898175,23.2545682806136],[-106.37399101024384,23.25473500839522],[-106.37421098794586,23.25485726709934]]],[[[-106.37727926313265,23.255117675672494],[-106.37710444241517,23.255104338442735],[-106.37701623086438,23.25509233190246],[-106.37710444241517,23.255104338442766],[-106.37727926313265,23.255117675672494]]],[[[-106.37965461249887,23.255280072359415],[-106.37924677918636,23.25525369717428],[-106.37900663274479,23.255238166045437],[-106.37876133660862,23.25522702567649],[-106.37837454068112,23.255196331616464],[-106.3782122954128,23.255183824093372],[-106.37775736650143,23.255179098838784],[-106.37754961013165,23.255148346281995],[-106.37777763518436,23.25518209903844],[-106.37836844168321,23.25522700811711],[-106.37899907874639,23.255274942346052],[-106.37965461249887,23.255280072359415]]]]},"properties":{"ID":2227,"ENTIDAD":25,"MUNICIPIO":12,"NOMBRE":"LOMAS DEL EBANO","CLASIFICAC":1,"CP":82198,"OTROS_CP":"","CONTROL":1241,"Geometry1_":"1=X_8D"}},
{"type":"Feature","geometry":{"type":"Polygon","coordinates":[[[-106.38751528348085,23.32373898769442],[-106.388004967243,23.32194493386138],[-106.38971746599283,23.321651027425865],[-106.38978803422921,23.32079955304317],[-106.38833641768251,23.320210959966246],[-106.38825048684524,23.3180552591134],[-106.3902130934712,23.317377718180367],[-106.39071036359732,23.314791419942296],[-106.38866621501619,23.31399308680504],[-106.38721688304521,23.313355400059987],[-106.3867524351362,23.314518426678056],[-106.38664424402077,23.316338442227863],[-106.38385518524977,23.318504892248427],[-106.38396233083633,23.3196481926651],[-106.38622152906879,23.319994967625142],[-106.38623431032134,23.321227119183195],[-106.38652499182473,23.322834264771416],[-106.38662489223304,23.3236588518834],[-106.387056616739,23.32366428640563],[-106.38751528348085,23.32373898769442]]]},"properties":{"ID":2228,"ENTIDAD":25,"MUNICIPIO":12,"NOMBRE":"EL CHILILLO","CLASIFICAC":4,"CP":82273,"OTROS_CP":"","CONTROL":2063,"Geometry1_":"1=X_89"}},
{"type":"Feature","geometry":{"type":"Polygon","coordinates":[[[-106.53208389619789,23.44799230067964],[-106.53241758946938,23.44766479468122],[-106.53261635431656,23.44755487070693],[-106.53280458160758,23.4474751816477],[-106.5329803747859,23.44737929323195],[-106.53324680859676,23.447355332080623],[-106.53345172135957,23.447070834306505],[-106.53369205642177,23.447025785676896],[-106.53375624435951,23.44697171656355],[-106.53410389123253,23.446513265866233],[-106.53405037939459,23.445768034145733],[-106.53425148659544,23.445743458161584],[-106.53421457417511,23.445610739735397],[-106.53424955619433,23.444751644296105],[-106.53422138840207,23.443962221330803],[-106.53456389390094,23.44404548196684],[-106.53484329101441,23.444084165121605],[-106.53497112727788,23.4434890635111],[-106.53413514952209,23.443093018138274],[-106.53352495944854,23.44280648761476],[-106.5333991725255,23.442761167590675],[-106.53341250306723,23.44391605195537],[-106.53347182121257,23.444686471065566],[-106.53333393991146,23.444765666063265],[-106.5334742591295,23.445133399760145],[-106.53194602622683,23.445005285387953],[-106.53192432974096,23.445247807107055],[-106.5317485093698,23.44522316791585],[-106.5317200996806,23.44582471998511],[-106.53146351711615,23.445732935581017],[-106.53146530307565,23.445798449177015],[-106.5314868842453,23.446253978641156],[-106.53178267074,23.44635653600701],[-106.53174360087546,23.44662653504494],[-106.53177747185934,23.446908686751023],[-106.53191386046329,23.44752567425281],[-106.53173843568163,23.447771588377577],[-106.53208389619789,23.44799230067964]]]},"properties":{"ID":2261,"ENTIDAD":25,"MUNICIPIO":12,"NOMBRE":"EL RECREO","CLASIFICAC":5,"CP":82250,"OTROS_CP":"","CONTROL":1725,"Geometry1_":"1=X_6XO"}},
{"type":"Feature","geometry":{"type":"MultiPolygon","coordinates":[[[[-106.40826795473198,23.288398384514785],[-106.40826795478927,23.28839838431252],[-106.40849612682867,23.287948654536393],[-106.40870120416473,23.287590951745518],[-106.41022898947394,23.28492607254256],[-106.41024337923135,23.284900972287144],[-106.41073031329307,23.284051600104565],[-106.4108082057547,23.283928252126838],[-106.41080808957929,23.28392817155619],[-106.41028594565438,23.283567715239926],[-106.41028592790764,23.283567703174967],[-106.40955103703271,23.28452224744263],[-106.40916372774849,23.285102785648398],[-106.408674352551,23.285080374551644],[-106.40828416913962,23.285193097871748],[-106.40826885694348,23.285197521589936],[-106.4082570050832,23.285199310122056],[-106.40763888344325,23.28529258788679],[-106.40735307141183,23.285341319296965],[-106.40734683544302,23.28534238253351],[-106.40730935400684,23.285348773136068],[-106.40703203249295,23.28534682512613],[-106.4064902318139,23.285308435686908],[-106.40628386367175,23.285286855619407],[-106.405967107229,23.28521138738551],[-106.40595699249282,23.285166140754338],[-106.40499397637552,23.283032399830468],[-106.40489495695081,23.28250097253585],[-106.40588323740556,23.28208347745972],[-106.40568742688468,23.281647463968287],[-106.40340614195459,23.282629843467703],[-106.4033627297311,23.2826567215409],[-106.40336272955324,23.28265672165101],[-106.4034334454677,23.28286915808641],[-106.4034334454677,23.282869158086434],[-106.40351071610182,23.28332251705195],[-106.40356592866145,23.283785379154637],[-106.40356592866145,23.283785379154683],[-106.40359626868737,23.284181471078103],[-106.40368694568315,23.284630893139934],[-106.40413703827085,23.28503635015109],[-106.40430947252443,23.285048061358744],[-106.40489253326375,23.285087659637483],[-106.40506407689739,23.285805430911417],[-106.40508441181748,23.28601476475933],[-106.40536805138481,23.2860581178934],[-106.40551998744125,23.28649122027358],[-106.40559966667539,23.28678475297561],[-106.40521849490082,23.28700036649769],[-106.40516411081808,23.2870282146063],[-106.40511149747816,23.287055155884126],[-106.40526218737342,23.287338742071128],[-106.4068304542241,23.288106423560965],[-106.40760682680234,23.288483221055998],[-106.40826795473198,23.288398384514785]]],[[[-106.41448746562496,23.275201393573],[-106.41469955199334,23.274437718150665],[-106.41494337699163,23.273405034959136],[-106.41523271611963,23.27217956423316],[-106.41552205058687,23.27095409342986],[-106.41592974924045,23.268847747694817],[-106.4159297492757,23.268847747512698],[-106.41592974922945,23.2688477475045],[-106.41552205057587,23.27095409323919],[-106.41552205053357,23.270954093418403],[-106.41494337695872,23.273405034385885],[-106.41494337683001,23.273405034930995],[-106.4146995519714,23.2744377177682],[-106.41448746562496,23.275201393573]]],[[[-106.41746614172754,23.285097424624112],[-106.41705950630764,23.285058083741436],[-106.41584734211987,23.28493800759973],[-106.41584734211987,23.28493800759977],[-106.41584734220793,23.284938007800346],[-106.41584734220795,23.284938007800356],[-106.41705950630764,23.28505808374148],[-106.4174661418444,23.28509742540433],[-106.41746614172754,23.285097424624112]]],[[[-106.41926775051103,23.280824831819146],[-106.41908473752748,23.28078989948625],[-106.41890885488066,23.280632703839874],[-106.41882566714227,23.280543189569503],[-106.41868068279824,23.280488607667714],[-106.4184762786411,23.28048424111462],[-106.41829326561667,23.280556289222606],[-106.4181054990072,23.28067855258929],[-106.4180009201361,23.280737500958093],[-106.41789158767995,23.28072221805018],[-106.41764915484241,23.28062833729154],[-106.41748990974324,23.280602137998223],[-106.41729025917114,23.28070475186755],[-106.4171262604869,23.280905612829535],[-106.41707397105135,23.281001676660885],[-106.41707397108321,23.281001676814995],[-106.417126260498,23.28090561302187],[-106.41729025918224,23.280704752059783],[-106.41748990975435,23.280602138190485],[-106.4176491548535,23.28062833748378],[-106.41789158769106,23.28072221824243],[-106.41800092014725,23.280737501150373],[-106.41810549901832,23.280678552781524],[-106.41829326562782,23.280556289414815],[-106.41847627865224,23.280484241306873],[-106.4186806828094,23.280488607859986],[-106.41882566715346,23.280543189761723],[-106.41890885489182,23.280632704032154],[-106.41908473753867,23.280789899678528],[-106.41926775056311,23.280824832019192],[-106.41926775051103,23.280824831819146]]],[[[-106.41715002840917,23.28132916661217],[-106.41714765161966,23.281438329565933],[-106.41707634784387,23.281519110196463],[-106.41701692803076,23.28155404234578],[-106.41679113274088,23.28154530930932],[-106.41679113294575,23.281545310277917],[-106.41701692804185,23.281554042538183],[-106.41707634785497,23.281519110388814],[-106.41714765163074,23.281438329758306],[-106.41715002842326,23.281329166666257],[-106.41715002840917,23.28132916661217]]],[[[-106.41642005749254,23.286544865703892],[-106.41599966083002,23.286682419085015],[-106.41542447703898,23.28675664701273],[-106.41464726588332,23.286905102744136],[-106.41443335455607,23.287038276126975],[-106.41404831416702,23.28714961770543],[-106.41385104038746,23.28717799887718],[-106.41364901302283,23.2871910978775],[-106.4132568422562,23.2871670830426],[-106.41271968714557,23.287177998877226],[-106.41254618129123,23.287287157173807],[-106.41227760373592,23.28736793425564],[-106.41200427259554,23.287378850073814],[-106.41181175240102,23.287361384764402],[-106.41148375503258,23.28735046894482],[-106.41133639389604,23.287354835272723],[-106.41091807841163,23.287372300583005],[-106.4105354148151,23.287450894450867],[-106.4102787212224,23.287533854594432],[-106.40991982555113,23.28770195788453],[-106.40948011893401,23.287826397845755],[-106.40927571477685,23.287911540910113],[-106.40919728062352,23.28799231761308],[-106.40899287646637,23.28822154853027],[-106.40872192211853,23.288559936305628],[-106.40842719984545,23.288743320289004],[-106.4082251724808,23.288786983104874],[-106.40816099914514,23.28877606741291],[-106.40816099909334,23.288776067595848],[-106.4082251724915,23.288786983298486],[-106.40842719985615,23.288743320482542],[-106.40872192212925,23.28855993649914],[-106.4089928764771,23.288221548723737],[-106.4092757147876,23.287911541103504],[-106.40948011894477,23.287826398039176],[-106.40991982556189,23.287701958077967],[-106.4102787212332,23.287533854787767],[-106.4105354148259,23.287450894644238],[-106.41091807842245,23.287372300776365],[-106.4113363939069,23.287354835466097],[-106.41148375504343,23.287350469138175],[-106.41181175241188,23.28736138495771],[-106.41200427260642,23.28737885026713],[-106.4122776037468,23.28736793444902],[-106.4125461813458,23.28728715814114],[-106.41271968715647,23.287177999070536],[-106.41325684226713,23.287167083235946],[-106.41364901303379,23.287191098070853],[-106.41385104039843,23.287177999070536],[-106.41404831417799,23.28714961789875],[-106.41443335456705,23.287038276320242],[-106.4146472658943,23.28690510293738],[-106.41542447705001,23.286756647206012],[-106.41599966084108,23.286682419278232],[-106.41642005749254,23.286544865703892]]]]},"properties":{"ID":2262,"ENTIDAD":25,"MUNICIPIO":12,"NOMBRE":"EL VENADILLO","CLASIFICAC":1,"CP":82129,"OTROS_CP":"","CONTROL":1351,"Geometry1_":"1=X_8>"}},
{"type":"Feature","geometry":{"type":"Polygon","coordinates":[[[-106.38757765667755,23.287787034565074],[-106.3878212116963,23.287933535967554],[-106.38753132231047,23.28824679403925],[-106.3867627725853,23.290007506985102],[-106.38672275397784,23.290290302345237],[-106.38662842389891,23.290404329697417],[-106.38601448358438,23.29069012350152],[-106.38618924157281,23.290972887337396],[-106.38664389374418,23.291288655011808],[-106.38661246344846,23.29160116875911],[-106.38686733982289,23.291905284152335],[-106.3871389834255,23.291151122117743],[-106.3875399509718,23.291396999005954],[-106.38786343668296,23.29163658358671],[-106.38830616172119,23.29190301951902],[-106.38853139286094,23.29185668918939],[-106.3883519296437,23.290967710054097],[-106.38844516445096,23.290615822701437],[-106.38922036954442,23.289933642682097],[-106.38934351111753,23.28982527720626],[-106.38967195188376,23.28955180399764],[-106.3899342220568,23.289325565421187],[-106.38997206872264,23.289061040296914],[-106.38997522732589,23.289038963546844],[-106.38919560778838,23.28883601454137],[-106.3881545358349,23.28856499491041],[-106.38764592201933,23.288269044081503],[-106.38815453579555,23.28856499413633],[-106.38919560774883,23.28883601376711],[-106.38997522743193,23.289038962810434],[-106.38998955176929,23.288940100012688],[-106.39003499482087,23.288626464152163],[-106.39004208422641,23.28857753485136],[-106.39006775165785,23.28846751224485],[-106.39007070125182,23.288454868896157],[-106.39012627028535,23.288216674028696],[-106.3902278373683,23.28802845222954],[-106.39029837449527,23.287911280959513],[-106.39056969878354,23.28759317355774],[-106.39068208970772,23.287527782750743],[-106.39124482454487,23.287133768983907],[-106.39160019254284,23.286931026867904],[-106.39210695775212,23.28668571906425],[-106.39210695639359,23.286685719325735],[-106.39110346742167,23.286878868103727],[-106.39092435741213,23.286840230625433],[-106.39086295183725,23.286853804478397],[-106.39000817795116,23.28646749102823],[-106.38998659812533,23.286410187240104],[-106.38990732701313,23.286438670912805],[-106.38892063039091,23.28668542484031],[-106.38887599404,23.286738554041758],[-106.38885433030549,23.28678891831926],[-106.38884275560486,23.286815827396005],[-106.38865981605207,23.2867395249876],[-106.38797459762668,23.286580753277246],[-106.38799564598575,23.286468118403455],[-106.3880030104691,23.286429093190048],[-106.38801280997583,23.28637716448716],[-106.38803461984406,23.286285555149423],[-106.38811191531076,23.285876738449613],[-106.38812479965638,23.28580842344281],[-106.38819710740403,23.285472292259144],[-106.38821062065173,23.28540347375734],[-106.38826794583606,23.285104661110076],[-106.38828165593861,23.285032927570523],[-106.38830459305996,23.284923675331758],[-106.38832118759294,23.284872020140945],[-106.3883450179537,23.284737995692563],[-106.38851090709619,23.28392876671971],[-106.38877541423436,23.282688268134603],[-106.38896059820406,23.282740089570265],[-106.3889965947782,23.28275196282899],[-106.38899659484782,23.282751962660956],[-106.38908224604286,23.282545273547868],[-106.3891614580922,23.28234808292202],[-106.38916145840868,23.2823480820161],[-106.38920578731157,23.282221188014155],[-106.38930941758062,23.281924541045708],[-106.38946977523452,23.281442532017945],[-106.38951902050052,23.280995834743436],[-106.38951902047988,23.28099583464845],[-106.3894234115866,23.280555569489685],[-106.38929990105295,23.28011211842182],[-106.38927366096534,23.280001674600857],[-106.38917944816265,23.27960513371864],[-106.3890188203099,23.27905802878825],[-106.38872923397533,23.278128873596792],[-106.3887292339488,23.278128873607464],[-106.3875445404047,23.278605294260096],[-106.38638365637476,23.27902635391969],[-106.38519693531724,23.279456773393175],[-106.38172695709545,23.280634012826415],[-106.3810664696409,23.280628499058064],[-106.38112047171356,23.280881244390123],[-106.3811204718646,23.28088124480923],[-106.38129108484418,23.281354661010358],[-106.38156889744367,23.281672052535782],[-106.38189322095911,23.281957223610494],[-106.38215013295687,23.282122486734888],[-106.38219136655952,23.282149010889512],[-106.38226449401567,23.28222826316464],[-106.3824211337095,23.282398021828172],[-106.38269911479973,23.283039207625233],[-106.3827588362181,23.283176958958997],[-106.38274664111144,23.283260305183603],[-106.38272631369239,23.283399230685998],[-106.38277046117956,23.283470996867546],[-106.38277046151563,23.28347099741385],[-106.38280703609315,23.28353045299724],[-106.38282166992873,23.28355596373862],[-106.38291970892982,23.28372687198374],[-106.38310983178789,23.284035882246766],[-106.3831098320544,23.28403588229717],[-106.3831951775166,23.2840520215322],[-106.38339154336056,23.284087774433154],[-106.38361034169243,23.284127611367143],[-106.38361034173714,23.284127611388474],[-106.38405130365554,23.28433805970194],[-106.38439442291484,23.2845676375093],[-106.38471226988011,23.28468240160385],[-106.38496802193993,23.284678118891275],[-106.38537188330547,23.284858560394266],[-106.38567011682005,23.285057254938305],[-106.38632483750177,23.285532378083484],[-106.38663488496728,23.285788903362185],[-106.38672217567974,23.28600814058035],[-106.38671843419205,23.286113275677906],[-106.38680228300413,23.28625939252673],[-106.38734558147286,23.286396229465954],[-106.38779661293259,23.286547256327303],[-106.38749444794034,23.28743594278412],[-106.38757765667755,23.287787034565074]]]},"properties":{"ID":2296,"ENTIDAD":25,"MUNICIPIO":12,"NOMBRE":"SAN ANTONIO","CLASIFICAC":1,"CP":82001,"OTROS_CP":"","CONTROL":2034,"Geometry1_":"1=X_8>"}},
{"type":"Feature","geometry":{"type":"Polygon","coordinates":[[[-106.45003371730749,23.285971193656426],[-106.4492394985637,23.285329984572336],[-106.44584920740957,23.282858015992442],[-106.4456727509693,23.28272390403459],[-106.4423430400772,23.280193137409743],[-106.44150100155075,23.279457521686428],[-106.44150100155073,23.279457521686446],[-106.44150100155075,23.279457521686464],[-106.44146473122079,23.279526645612496],[-106.44143113324729,23.279590676499357],[-106.44143113324694,23.27959067649964],[-106.44121020972258,23.27979548947329],[-106.441511879072,23.280293083033136],[-106.44168035089407,23.28010099105212],[-106.44191070366324,23.280278514757008],[-106.44324863834105,23.281324095316904],[-106.44340869931806,23.28144050412936],[-106.44348649725438,23.281498733388542],[-106.44418667868132,23.282019487108343],[-106.44425006959236,23.282067790717388],[-106.44447242946185,23.28223879255072],[-106.44371195789338,23.282904307636496],[-106.44369365423724,23.28291995450033],[-106.44465369741563,23.283681135434303],[-106.4446724510538,23.283696004315175],[-106.44348117918628,23.284738607356715],[-106.44383639696865,23.285351707204686],[-106.44418285989495,23.28594063163115],[-106.44454240591205,23.286529434642162],[-106.44375178463041,23.287209387063957],[-106.44326988871723,23.28765511510657],[-106.44353098479559,23.28788793282282],[-106.44516719318383,23.288836785672757],[-106.44762943178512,23.29023220201747],[-106.44838273539293,23.290682056835443],[-106.4507502076192,23.29214677592605],[-106.45102874287966,23.294238899171603],[-106.4523903791759,23.296880117413274],[-106.45372302103159,23.29849373862953],[-106.45502673004626,23.300267139978995],[-106.45999779587169,23.29818148839093],[-106.45782750003337,23.295714551532924],[-106.45610638271731,23.293758097742387],[-106.45595629053769,23.293584076395373],[-106.45586037342159,23.29347486692511],[-106.45582150705475,23.293427803874508],[-106.45507579228439,23.292563187875885],[-106.45502293987438,23.29250705664034],[-106.4546289517597,23.291965124405017],[-106.45457152983379,23.291886871104808],[-106.4545603438464,23.29186873690111],[-106.45429308292003,23.291455054535977],[-106.45357483644052,23.29027105421367],[-106.45327718142144,23.289788493258854],[-106.45267679203702,23.288831425707436],[-106.4523515861897,23.288318376982478],[-106.45175023737417,23.287543324366396],[-106.45106652751173,23.286805080722882],[-106.45040023294465,23.286272390324076],[-106.45003371730749,23.285971193656426]]]},"properties":{"ID":2306,"ENTIDAD":25,"MUNICIPIO":12,"NOMBRE":"SIN NOMBRE","CLASIFICAC":1,"CP":82100,"OTROS_CP":"","CONTROL":2118,"Geometry1_":"1=X_8>"}}
]}